/home/t-avarhade/test_generated_data/embeddings_10k_data_pert_eps1.62e-05.bin /home/t-avarhade/test_generated_data/embeddings_10k_data_pert_eps1.62e-05_normalized.bin
Data normalized successfully /home/t-avarhade/test_generated_data/embeddings_10k_data_pert_eps1.62e-05.bin
Number of points: 49985, Dimension: 3072
/home/t-avarhade/test_generated_data/embeddings_10k_query.bin /home/t-avarhade/test_generated_data/embeddings_10k_query_normalized.bin
Data normalized successfully /home/t-avarhade/test_generated_data/embeddings_10k_query.bin
Number of points: 9997, Dimension: 3072
/home/t-avarhade/test_generated_data/embeddings_10k_data_pert_eps1.62e-05_normalized.bin
Data read successfully for the file /home/t-avarhade/test_generated_data/embeddings_10k_data_pert_eps1.62e-05_normalized.bin
Number of points: 49985, Dimension: 3072
Squared L2 norms of vectors not within tolerance (|norm^2 - 1| >= 1e-6):
1 1 0.999999 1 1 1 0.999999 0.999999 1 0.999998 0.999998 0.999999 0.999999 0.999999 0.999997 0.999997 1 1 1 0.999997 0.999998 0.999998 1 0.999998 1 1 1 0.999998 1 0.999999 0.999999 0.999998 1 1 1 1 1 1 1 1 0.999998 0.999998 1 1 1 0.999999 1 0.999998 1 0.999998 1 1 0.999999 0.999998 1 1 1 0.999999 0.999998 0.999999 1 0.999998 1 0.999999 1 1 1 1 0.999999 1 0.999997 1 0.999999 0.999997 1 0.999999 1 0.999998 1 1 0.999998 1 0.999998 0.999999 1 1 1 0.999998 0.999997 0.999998 0.999999 0.999999 1 1 0.999998 0.999999 1 1 0.999999 0.999999 1 1 1 0.999999 0.999999 0.999998 1 0.999999 1 0.999998 0.999995 1 0.999999 1 0.999999 1 0.999999 0.999999 1 0.999998 1 1 1 0.999999 1 1 1 1 0.999998 1 0.999999 1 0.999998 1 1 1 1 1 0.999999 1 1 1 1 0.999998 1 1 0.999998 1 1 0.999999 1 0.999998 0.999998 1 1 1 1 1 1 0.999999 1 1 1 0.999997 1 1 1 0.999999 0.999998 1 1 1 0.999998 0.999998 0.999999 1 0.999998 0.999999 1 1 1 1 1 0.999998 1 0.999998 0.999998 0.999998 0.999998 1 0.999998 0.999999 1 1 0.999999 0.999998 1 1 0.999999 1 0.999999 1 1 1 1 0.999999 0.999998 1 1 0.999998 1 1 0.999999 0.999999 1 0.999999 1 0.999999 1 1 0.999999 1 0.999998 0.999999 0.999999 1 0.999999 1 0.999999 0.999998 0.999999 0.999999 1 1 1 0.999998 1 0.999998 1 0.999999 1 1 0.999998 0.999998 0.999998 1 0.999998 0.999999 0.999999 1 0.999998 0.999998 1 1 1 1 0.999999 1 0.999998 1 1 0.999998 1 1 0.999999 1 1 1 0.999999 0.999998 1 0.999998 0.999997 1 1 0.999999 0.999999 0.999999 1 1 1 0.999999 0.999997 1 0.999998 1 0.999998 0.999999 0.999998 0.999998 1 1 0.999998 1 0.999999 1 1 1 1 1 1 1 1 1 1 0.999998 0.999998 1 0.999999 0.999998 1 0.999999 1 1 0.999999 0.999999 0.999998 1 1 0.999999 0.999999 1 0.999999 0.999998 1 0.999998 0.999998 1 1 0.999997 1 1 1 1 1 1 0.999999 0.999995 0.999999 1 0.999999 1 0.999998 0.999998 0.999998 0.999999 1 0.999999 0.999998 1 0.999997 1 1 1 1 0.999998 1 0.999998 1 0.999999 0.999999 1 1 1 1 1 0.999999 1 1 1 0.999999 1 1 0.999999 0.999999 0.999999 0.999998 0.999998 0.999999 1 0.999998 0.999998 0.999998 1 1 1 1 0.999998 0.999997 0.999998 1 0.999998 0.999999 0.999998 0.999998 0.999999 1 0.999998 0.999999 0.999999 0.999999 0.999998 1 1 0.999999 0.999999 0.999999 1 1 0.999996 0.999999 0.999999 0.999999 0.999998 1 0.999999 0.999999 1 0.999999 1 0.999999 1 0.999999 0.999999 1 1 1 1 0.999999 0.999999 1 0.999999 1 0.999999 0.999998 1 0.999998 1 0.999998 1 0.999999 1 1 1 0.999998 0.999999 0.999999 1 1 1 1 0.999999 0.999998 1 1 1 1 1 1 1 0.999998 1 1 1 0.999999 0.999999 1 0.999997 1 0.999999 0.999998 0.999999 0.999999 1 0.999999 0.999999 1 0.999999 1 1 1 1 1 0.999999 1 1 0.999999 1 0.999999 0.999999 1 1 0.999999 1 0.999998 1 1 1 1 0.999997 1 0.999998 0.999999 0.999998 0.999999 0.999999 0.999998 0.999998 1 0.999998 1 0.999998 1 1 1 1 0.999999 0.999999 1 0.999997 1 1 0.999999 1 0.999999 1 0.999997 1 1 0.999999 1 1 1 0.999999 1 1 1 1 1 0.999999 1 1 1 0.999998 0.999998 0.999999 0.999999 1 0.999998 1 1 1 0.999998 0.999999 1 0.999999 1 0.999999 1 1 0.999998 0.999999 0.999997 1 0.999998 0.999998 1 1 1 1 1 0.999999 1 1 1 0.999999 1 0.999998 1 1 1 1 1 1 1 1 0.999998 1 1 1 1 1 0.999999 1 1 0.999998 1 1 0.999999 1 1 0.999999 1 0.999998 1 1 1 0.999998 1 1 0.999997 0.999998 1 1 0.999998 1 1 1 1 0.999997 0.999999 1 1 1 1 1 0.999999 1 0.999997 0.999998 0.999997 0.999999 1 1 0.999999 0.999998 1 0.999998 0.999999 0.999998 0.999997 1 0.999999 0.999998 0.999999 0.999998 0.999998 0.999998 0.999999 1 1 1 0.999999 0.999998 1 0.999999 0.999998 1 0.999998 1 1 0.999998 1 1 0.999999 1 1 0.999999 0.999999 1 1 1 0.999998 1 0.999998 0.999999 0.999998 1 1 0.999999 1 0.999998 1 0.999999 0.999998 1 0.999999 0.999998 0.999998 0.999999 1 1 0.999999 0.999999 0.999999 0.999998 0.999999 1 0.999998 1 0.999997 1 0.999998 1 0.999996 0.999999 0.999999 0.999998 1 1 1 1 0.999996 1 1 1 0.999998 1 1 0.999999 0.999999 1 1 0.999999 1 1 0.999998 1 0.999998 1 0.999997 1 0.999998 0.999999 0.999999 1 1 1 1 0.999998 1 1 1 0.999997 0.999998 1 0.999999 1 0.999999 1 1 0.999997 1 1 1 1 0.999999 1 1 0.999999 0.999998 0.999998 0.999999 1 1 0.999998 0.999998 0.999999 0.999998 0.999998 0.999998 0.999998 1 1 1 0.999999 0.999999 1 1 0.999998 1 0.999998 0.999998 1 1 1 0.999997 0.999998 1 1 1 1 0.999998 0.999999 1 1 1 0.999999 0.999998 1 0.999999 0.999999 1 1 1 1 1 1 0.999998 0.999998 0.999999 1 0.999999 0.999999 1 0.999998 1 0.999999 1 1 0.999998 0.999997 0.999998 0.999998 1 0.999998 0.999996 0.999999 0.999998 0.999999 0.999999 1 0.999999 1 0.999999 1 1 0.999998 1 1 1 1 0.999999 1 1 0.999998 1 0.999998 1 1 0.999999 0.999998 0.999998 1 1 1 0.999998 0.999998 0.999998 1 1 1 1 0.999999 1 1 1 0.999998 0.999999 0.999997 0.999997 1 0.999999 0.999998 1 0.999997 1 0.999997 0.999997 1 1 1 0.999998 1 1 0.999997 1 1 0.999998 1 0.999998 0.999999 0.999999 0.999998 1 0.999998 1 1 0.999998 0.999998 0.999998 0.999999 1 0.999997 0.999999 0.999998 1 1 0.999998 0.999998 1 1 0.999998 0.999998 0.999998 1 1 0.999999 0.999999 1 0.999999 1 1 1 1 0.999999 0.999998 0.999997 1 0.999998 1 1 0.999999 1 1 1 1 0.999998 1 1 1 1 1 0.999998 0.999999 0.999999 0.999998 0.999998 0.999999 0.999998 1 0.999999 0.999999 1 0.999999 0.999999 0.999999 1 0.999999 0.999999 1 0.999998 1 1 1 0.999998 1 0.999998 1 1 0.999998 0.999998 0.999999 0.999999 0.999998 1 1 1 1 0.999998 0.999998 1 0.999997 1 0.999998 1 1 0.999997 1 1 0.999999 1 0.999999 1 1 0.999999 0.999998 1 1 0.999999 0.999999 0.999999 1 0.999999 0.999999 0.999998 0.999999 0.999997 1 1 0.999999 0.999997 1 1 0.999999 1 0.999999 1 0.999999 0.999997 0.999998 1 0.999998 0.999997 1 1 0.999998 1 0.999998 1 0.999998 0.999999 1 0.999997 0.999998 0.999998 0.999999 1 1 1 1 0.999999 1 1 0.999998 1 1 1 0.999999 1 0.999999 1 1 0.999999 1 0.999999 1 0.999998 1 1 0.999999 1 1 0.999998 1 1 1 1 0.999999 1 1 0.999998 1 1 1 1 1 0.999998 1 0.999999 0.999998 1 1 1 1 1 0.999999 0.999999 0.999998 0.999999 0.999999 0.999999 0.999998 0.999998 1 0.999999 0.999997 1 1 0.999999 0.999999 0.999999 1 0.999998 0.999999 1 0.999998 1 1 1 1 0.999999 1 0.999998 0.999999 1 0.999998 0.999999 0.999999 1 1 1 1 0.999999 0.999999 1 1 1 0.999999 1 0.999999 1 0.999999 1 0.999998 0.999997 0.999997 0.999999 1 1 1 0.999999 1 0.999998 1 0.999998 1 0.999999 1 1 1 0.999998 1 1 0.999996 1 0.999999 0.999998 0.999999 0.999997 0.999999 1 1 0.999999 1 1 0.999999 0.999997 1 0.999997 0.999999 1 0.999998 0.999996 1 0.999999 1 1 0.999998 1 0.999999 1 1 1 0.999998 1 1 0.999997 0.999999 1 0.999999 1 1 0.999999 0.999998 1 1 0.999998 0.999998 1 0.999999 1 0.999999 1 1 0.999999 1 0.999999 0.999999 0.999999 0.999998 1 1 0.999998 1 0.999999 1 0.999998 0.999997 0.999997 1 1 1 1 1 1 1 1 1 1 0.999999 0.999999 1 0.999997 1 1 1 1 1 1 1 1 0.999998 1 1 0.999998 0.999998 1 0.999999 0.999999 0.999997 0.999997 0.999999 0.999999 1 1 0.999999 0.999998 0.999998 1 1 0.999999 1 1 1 1 1 1 0.999998 1 0.999999 0.999997 0.999998 0.999999 0.999999 1 1 1 1 0.999998 1 0.999998 1 1 1 0.999998 0.999999 0.999999 1 0.999999 0.999998 0.999999 0.999998 1 1 0.999999 0.999998 0.999999 0.999998 1 1 0.999998 0.999999 1 1 1 0.999999 1 1 0.999997 0.999999 1 1 0.999998 0.999998 1 0.999999 1 0.999999 1 1 1 1 1 1 1 0.999999 1 0.999999 1 0.999998 1 1 1 1 1 1 1 0.999999 1 1 0.999997 1 0.999999 0.999999 0.999998 0.999998 1 1 1 1 1 0.999998 1 0.999998 0.999998 1 1 0.999998 0.999999 0.999999 1 0.999999 1 1 1 1 1 1 0.999999 0.999999 1 0.999998 0.999999 1 0.999999 0.999999 1 1 0.999998 0.999999 1 0.999999 1 1 0.999998 0.999999 0.999999 1 1 1 1 1 0.999999 0.999998 0.999999 0.999999 0.999999 0.999998 0.999998 1 0.999999 1 0.999999 1 0.999998 0.999997 0.999999 1 0.999999 0.999999 1 1 0.999998 0.999998 0.999998 0.999999 1 0.999999 1 1 0.999999 0.999999 1 1 0.999998 0.999999 0.999997 1 0.999998 0.999999 1 0.999999 1 1 0.999999 1 1 0.999999 1 0.999999 1 1 0.999998 0.999999 1 1 1 1 0.999998 1 0.999999 1 1 0.999999 0.999999 1 1 1 1 1 1 1 0.999997 0.999998 1 0.999999 0.999999 0.999998 0.999998 0.999998 0.999999 1 1 0.999998 1 1 1 1 0.999998 0.999999 1 0.999997 0.999999 1 1 1 0.999999 0.999999 1 1 1 1 0.999999 0.999999 1 0.999999 0.999999 0.999999 1 1 1 0.999997 1 0.999998 1 1 1 1 0.999998 1 1 0.999998 0.999998 0.999999 1 1 1 0.999999 1 0.999998 0.999999 0.999998 1 0.999998 0.999999 0.999998 0.999998 0.999997 0.999997 0.999999 1 1 1 0.999998 1 0.999997 1 0.999999 1 0.999999 0.999998 0.999999 0.999998 1 1 1 1 1 0.999999 1 1 1 1 1 0.999999 1 0.999999 1 1 1 1 1 0.999998 1 1 0.999998 0.999998 1 1 0.999999 1 1 1 0.999999 0.999998 0.999999 1 1 0.999998 1 1 0.999997 0.999998 0.999998 1 1 0.999998 0.999998 0.999999 0.999999 0.999999 1 0.999999 1 1 0.999997 1 1 1 1 1 1 0.999999 1 0.999998 0.999998 1 1 1 1 1 1 0.999998 0.999999 1 0.999998 0.999999 1 1 0.999999 1 1 1 1 0.999998 1 0.999999 0.999999 0.999999 0.999999 0.999998 1 0.999998 1 0.999997 1 0.999998 1 0.999998 0.999999 0.999998 1 1 0.999999 0.999997 1 1 0.999999 0.999998 0.999999 1 0.999999 0.999999 1 1 0.999999 1 1 1 1 0.999999 1 0.999998 0.999999 0.999998 0.999999 1 0.999997 0.999999 1 0.999998 1 0.999999 0.999999 0.999997 0.999999 1 0.999997 1 1 1 0.999999 0.999999 1 1 1 0.999998 0.999999 1 0.999998 1 0.999999 1 0.999998 0.999999 0.999997 0.999999 0.999998 0.999999 1 1 1 0.999999 0.999998 0.999999 0.999998 1 0.999998 0.999998 1 0.999997 1 0.999998 1 1 0.999997 1 1 1 0.999998 1 0.999999 1 0.999999 0.999998 0.999998 0.999999 1 0.999998 0.999999 1 1 1 1 0.999998 1 1 0.999998 0.999998 1 1 0.999999 0.999999 0.999999 1 0.999999 0.999999 0.999998 0.999999 0.999999 1 0.999998 1 1 1 1 0.999998 0.999998 1 1 1 1 1 0.999999 0.999997 0.999998 0.999998 1 0.999997 0.999999 1 1 1 1 1 0.999999 1 1 1 0.999998 0.999998 1 0.999999 1 0.999999 0.999998 0.999999 1 0.999998 1 1 0.999997 0.999999 0.999999 1 0.999998 1 0.999999 1 0.999998 0.999999 0.999999 1 0.999999 1 0.999998 1 0.999998 0.999999 1 1 0.999998 0.999999 0.999999 0.999998 1 0.999999 0.999998 1 0.999998 1 0.999999 0.999998 0.999999 1 1 1 1 0.999999 1 0.999998 1 1 1 0.999999 1 1 1 1 1 1 1 0.999998 1 1 0.999998 0.999998 1 0.999998 0.999999 0.999999 1 0.999999 1 0.999999 1 0.999998 0.999999 1 1 0.999998 1 0.999998 1 1 0.999997 0.999999 1 0.999998 1 0.999999 0.999998 0.999999 1 0.999999 0.999997 1 1 0.999998 1 0.999997 1 1 1 0.999999 1 0.999999 1 0.999999 0.999999 0.999998 0.999998 0.999998 1 1 1 0.999999 1 1 0.999997 1 1 1 1 1 1 0.999999 1 1 0.999998 1 0.999998 0.999997 1 1 0.999999 0.999998 0.999999 1 1 1 1 0.999997 1 1 0.999997 1 1 0.999997 1 0.999998 0.999999 0.999999 1 0.999999 0.999999 1 0.999998 0.999999 1 0.999998 0.999997 1 0.999997 1 0.999998 1 0.999999 0.999999 0.999998 1 1 0.999999 0.999999 1 0.999999 1 0.999998 1 1 1 1 1 1 0.999998 1 1 1 1 1 0.999998 1 0.999999 0.999999 1 0.999998 1 0.999998 1 0.999997 0.999999 1 1 0.999998 0.999999 0.999999 1 1 1 0.999999 0.999999 1 0.999998 1 0.999998 1 1 1 0.999998 1 1 1 1 1 1 1 1 1 1 0.999999 1 0.999997 1 1 0.999999 0.999998 0.999999 0.999997 1 1 1 1 1 1 0.999998 0.999999 1 1 1 0.999998 1 0.999999 1 1 0.999998 1 0.999999 1 1 1 1 0.999998 0.999999 0.999998 1 0.999996 0.999999 0.999999 0.999998 0.999999 0.999999 0.999999 1 0.999999 1 0.999999 1 0.999999 0.999999 1 0.999999 1 1 1 1 0.999999 0.999999 0.999999 1 1 0.999999 0.999999 1 0.999999 0.999999 1 1 0.999998 0.999998 1 1 0.999998 1 1 1 0.999999 0.999999 0.999998 1 0.999999 0.999999 1 1 1 0.999999 1 0.999999 1 0.999999 1 1 1 1 0.999999 1 1 1 1 0.999998 1 1 0.999999 0.999999 1 0.999998 1 1 1 1 1 0.999998 1 0.999999 1 1 0.999999 1 0.999998 1 1 0.999998 1 1 0.999999 0.999998 1 0.999998 0.999997 0.999999 0.999997 1 1 1 0.999998 0.999998 0.999998 0.999999 1 0.999999 0.999999 0.999997 0.999998 1 1 0.999999 0.999998 0.999999 0.999997 1 1 0.999998 0.999998 1 1 1 0.999998 0.999998 1 1 0.999998 0.999999 1 1 1 1 1 1 1 0.999998 0.999997 0.999999 1 0.999998 0.999999 0.999999 0.999998 1 0.999998 0.999999 1 1 1 1 0.999998 1 0.999998 0.999999 1 1 0.999999 0.999999 0.999999 1 0.999999 0.999999 1 0.999999 0.999999 1 0.999999 0.999999 1 0.999998 1 1 1 1 0.999998 1 1 0.999998 0.999997 0.999999 1 1 0.999999 0.999998 1 0.999999 0.999998 0.999998 1 0.999998 1 1 0.999997 1 0.999999 1 1 0.999999 1 1 0.999999 1 1 0.999998 1 0.999999 1 0.999999 1 0.999999 0.999998 0.999999 0.999999 1 0.999998 0.999997 0.999998 0.999997 1 1 1 0.999998 1 0.999998 0.999998 1 0.999997 1 1 1 0.999999 0.999997 1 0.999999 1 1 0.999999 1 0.999997 0.999998 0.999998 0.999999 1 1 0.999999 0.999999 0.999999 1 0.999999 1 1 0.999999 1 1 0.999999 1 1 0.999998 1 1 0.999998 1 0.999999 0.999999 0.999997 1 0.999999 0.999999 0.999998 0.999998 1 1 1 1 0.999998 1 0.999999 1 0.999998 1 1 0.999999 0.999998 0.999998 0.999997 1 0.999998 0.999997 1 0.999999 1 0.999999 0.999998 1 1 0.999999 1 1 0.999999 0.999999 0.999998 0.999998 0.999999 1 0.999996 0.999997 1 0.999998 0.999999 0.999998 1 0.999998 0.999998 1 0.999998 1 1 0.999999 0.999999 1 0.999999 0.999997 0.999999 0.999998 0.999998 1 1 0.999998 0.999998 1 1 1 0.999997 1 0.999999 1 1 1 1 0.999998 1 1 0.999999 0.999998 1 1 0.999999 1 1 1 0.999999 1 1 1 1 0.999999 0.999999 0.999998 0.999997 0.999998 1 1 0.999999 0.999998 0.999999 1 0.999999 1 0.999998 1 1 1 0.999998 0.999999 1 1 1 1 1 0.999998 1 0.999997 1 1 1 1 0.999999 0.999998 0.999998 0.999999 0.999998 1 1 0.999997 0.999998 1 0.999998 0.999997 1 0.999999 1 1 0.999999 0.999998 1 0.999998 0.999999 1 0.999998 1 0.999998 1 0.999999 1 1 1 0.999998 0.999998 0.999999 0.999999 0.999997 0.999999 0.999997 1 0.999998 0.999997 0.999998 0.999999 1 0.999998 1 1 1 1 1 0.999998 1 1 0.999999 1 0.999999 1 0.999999 0.999998 0.999999 0.999998 0.999998 1 1 0.999999 1 0.999999 0.999998 1 1 1 0.999998 1 0.999999 0.999999 1 0.999999 0.999998 1 0.999996 0.999998 0.999999 1 1 1 0.999998 1 0.999999 0.999999 0.999999 1 1 1 0.999999 1 0.999999 1 1 0.999999 1 1 0.999999 0.999998 0.999998 1 1 1 0.999999 0.999999 0.999999 1 0.999998 1 0.999997 1 0.999999 0.999998 1 1 0.999999 0.999998 1 0.999999 1 0.999999 1 0.999998 0.999999 0.999998 0.999999 0.999998 1 0.999999 0.999998 1 1 0.999999 1 0.999999 0.999999 1 0.999999 1 0.999999 0.999999 1 0.999999 1 0.999999 1 1 0.999999 1 0.999998 0.999999 0.999999 0.999997 0.999999 0.999998 0.999998 1 1 0.999998 0.999998 0.999999 1 0.999999 0.999999 1 0.999999 1 0.999997 1 1 0.999999 0.999998 1 1 1 1 1 0.999999 0.999998 0.999999 1 1 1 0.999999 1 0.999999 0.999999 0.999997 1 0.999998 0.999999 0.999998 0.999999 1 0.999999 0.999999 1 1 1 0.999999 0.999999 0.999999 1 1 0.999999 0.999999 0.999999 0.999999 1 0.999999 1 0.999998 0.999999 1 0.999998 0.999998 0.999999 1 1 0.999998 1 0.999999 1 0.999999 0.999998 1 1 1 1 1 0.999999 0.999998 0.999998 0.999998 0.999998 1 0.999999 1 1 0.999999 0.999998 1 0.999999 0.999998 1 1 0.999997 1 1 1 1 1 1 1 1 1 0.999998 1 0.999999 0.999999 1 1 0.999998 0.999998 1 1 0.999998 0.999999 1 1 0.999999 0.999999 0.999998 1 1 1 1 0.999998 0.999998 0.999999 1 1 0.999999 0.999999 0.999998 0.999999 1 1 1 1 0.999999 1 0.999999 0.999997 1 0.999998 0.999999 1 0.999998 1 0.999999 1 0.999999 0.999998 1 0.999999 0.999998 1 0.999998 0.999998 1 1 0.999998 0.999998 1 1 1 1 1 1 1 0.999998 0.999999 1 0.999999 1 0.999998 0.999999 0.999999 0.999999 1 0.999997 1 1 0.999999 1 0.999999 1 0.999997 1 0.999997 0.999997 1 0.999999 1 1 1 0.999999 1 0.999999 1 0.999997 1 0.999996 1 1 0.999997 0.999997 1 0.999998 1 0.999998 0.999998 0.999998 1 1 0.999997 1 0.999998 0.999998 0.999998 0.999999 0.999998 0.999999 1 1 1 1 0.999999 0.999998 1 1 0.999999 0.999998 0.999999 0.999999 0.999997 1 1 1 1 0.999999 1 0.999998 0.999998 1 0.999998 1 1 0.999999 0.999998 0.999999 1 0.999998 1 1 1 0.999998 1 1 0.999999 0.999999 0.999999 1 1 1 1 0.999998 0.999998 0.999998 0.999997 0.999998 1 0.999999 1 0.999999 1 0.999999 1 0.999999 0.999999 0.999997 0.999999 1 1 0.999999 0.999998 1 0.999998 0.999997 0.999999 1 0.999999 1 1 0.999998 1 0.999998 1 1 0.999999 0.999998 1 1 1 1 0.999999 1 1 1 1 1 0.999998 0.999999 0.999999 0.999999 0.999999 1 1 1 0.999997 1 1 0.999999 0.999999 0.999997 1 0.999998 0.999999 0.999998 1 1 0.999999 1 1 0.999999 0.999999 0.999999 1 1 1 1 0.999999 1 0.999998 0.999998 1 0.999999 0.999998 1 0.999999 1 1 1 0.999999 0.999998 0.999999 0.999999 1 0.999998 0.999999 1 0.999998 1 1 1 1 0.999999 1 0.999999 0.999999 0.999999 0.999998 0.999998 0.999998 0.999999 1 1 1 0.999997 0.999999 0.999998 0.999998 1 1 0.999998 1 1 1 1 1 1 1 0.999999 1 0.999999 0.999999 0.999999 0.999998 1 1 1 1 1 0.999998 1 1 0.999999 0.999998 1 1 1 0.999998 1 1 1 1 0.999998 1 1 0.999998 0.999998 1 0.999998 1 1 1 1 0.999998 0.999998 1 0.999998 0.999998 1 1 1 1 1 0.999999 0.999998 0.999999 0.999998 1 0.999998 1 0.999998 1 0.999999 1 0.999998 1 0.999999 0.999997 1 0.999999 0.999998 1 0.999998 0.999999 0.999998 0.999998 0.999998 0.999998 1 0.999999 1 0.999999 0.999999 1 0.999998 0.999999 1 0.999999 0.999999 0.999999 0.999999 0.999999 1 1 0.999999 0.999999 0.999998 1 1 1 1 1 0.999997 0.999999 0.999998 1 1 1 1 0.999998 1 0.999998 0.999999 1 0.999998 1 1 1 1 0.999998 0.999999 0.999999 0.999999 0.999998 1 0.999999 1 0.999999 1 1 1 0.999999 0.999999 0.999999 1 1 1 1 0.999999 0.999996 1 0.999999 0.999999 1 1 0.999999 1 0.999999 1 0.999999 0.999998 1 0.999998 0.999998 0.999999 0.999999 0.999997 0.999999 1 1 1 1 0.999999 0.999999 1 1 0.999998 0.999997 0.999998 1 0.999998 0.999999 0.999999 0.999999 1 0.999998 1 1 1 0.999999 0.999998 0.999999 0.999999 0.999999 0.999999 0.999997 0.999999 0.999999 0.999999 0.999998 0.999998 1 1 1 1 1 0.999999 1 1 0.999999 1 0.999998 0.999999 0.999996 1 0.999999 1 1 0.999999 0.999998 1 1 1 0.999999 0.999999 0.999998 1 1 1 0.999999 0.999998 1 0.999999 0.999999 1 1 0.999999 1 0.999999 1 0.999999 1 0.999998 0.999998 0.999998 0.999998 0.999999 0.999998 1 0.999998 0.999998 1 1 0.999999 0.999998 1 0.999999 0.999998 0.999998 0.999998 0.999999 0.999999 0.999999 1 0.999999 1 1 0.999999 0.999999 0.999998 1 0.999998 1 1 1 0.999998 0.999998 1 1 0.999998 0.999998 0.999997 1 1 1 1 0.999998 1 0.999998 1 1 1 1 1 0.999999 1 1 0.999999 0.999999 1 1 0.999999 0.999998 0.999998 0.999999 0.999999 1 0.999998 0.999999 1 0.999999 1 1 0.999999 0.999999 1 1 1 1 0.999999 0.999999 0.999997 0.999999 0.999999 1 0.999999 0.999998 1 0.999999 0.999999 1 0.999998 1 0.999999 0.999999 1 1 1 1 0.999998 0.999999 0.999999 1 1 1 0.999999 0.999998 0.999998 0.999999 0.999998 0.999998 1 1 0.999999 0.999998 0.999998 1 1 0.999997 1 0.999998 0.999999 0.999998 1 0.999998 1 0.999999 0.999998 0.999998 1 1 1 1 0.999999 0.999998 0.999998 1 0.999999 0.999998 0.999998 1 0.999999 1 0.999999 0.999998 1 1 1 0.999999 0.999998 1 1 0.999998 1 1 1 0.999998 1 1 0.999998 1 1 0.999998 0.999998 0.999999 1 1 0.999998 1 1 0.999999 0.999999 1 1 0.999999 0.999999 0.999999 1 1 0.999998 0.999999 0.999998 1 0.999998 1 1 1 1 1 1 1 1 1 0.999999 0.999997 0.999998 1 0.999998 1 1 0.999999 0.999997 0.999998 0.999998 0.999998 1 1 1 1 1 0.999999 0.999998 0.999998 1 1 1 0.999999 1 1 0.999999 0.999997 0.999999 0.999998 0.999998 1 1 1 1 0.999999 0.999999 1 0.999999 0.999998 1 1 0.999999 0.999998 0.999998 1 0.999999 0.999999 1 1 0.999999 1 0.999999 1 1 0.999999 0.999999 0.999998 0.999999 1 1 1 0.999997 1 0.999998 0.999999 0.999999 0.999998 1 1 0.999998 0.999999 0.999998 1 0.999997 0.999999 0.999998 1 0.999998 1 1 1 1 0.999998 1 0.999999 1 1 0.999998 1 1 0.999998 1 0.999999 1 1 1 1 0.999999 1 1 0.999998 0.999998 1 1 0.999999 0.999998 0.999998 0.999999 1 0.999998 1 1 0.999998 1 1 1 1 1 0.999998 1 0.999997 0.999999 0.999999 0.999998 1 1 0.999998 1 1 1 0.999997 1 0.999999 1 1 1 1 0.999998 1 0.999999 1 0.999998 0.999999 0.999997 0.999999 0.999998 0.999997 1 0.999998 1 0.999999 0.999998 1 1 1 1 0.999998 1 0.999998 1 0.999999 0.999998 1 0.999999 1 0.999997 0.999997 0.999998 1 1 0.999999 1 0.999997 0.999999 1 0.999998 1 1 0.999998 1 0.999998 1 1 0.999998 1 1 0.999999 1 1 0.999997 1 1 1 0.999999 0.999999 1 1 1 0.999998 1 0.999999 1 1 0.999999 0.999999 0.999998 1 1 1 0.999999 1 1 0.999999 0.999998 1 0.999998 1 1 1 0.999996 0.999999 0.999998 0.999999 0.999998 1 0.999999 1 0.999998 0.999999 0.999998 1 0.999998 0.999999 1 0.999999 0.999999 1 1 0.999999 1 1 1 0.999999 0.999999 0.999998 1 0.999999 1 1 0.999999 0.999998 0.999999 1 0.999999 1 0.999999 0.999997 0.999998 1 0.999998 0.999999 1 1 0.999999 0.999998 1 1 1 1 1 1 1 0.999998 1 0.999999 0.999999 0.999999 1 1 0.999997 1 0.999999 0.999999 0.999998 1 1 0.999999 1 0.999998 1 1 1 0.999998 0.999999 1 1 0.999999 0.999998 0.999998 1 1 1 1 0.999999 0.999999 0.999998 0.999998 0.999999 1 1 1 1 1 1 0.999999 0.999998 1 0.999998 1 1 0.999998 0.999999 1 0.999998 0.999999 0.999998 1 1 1 1 0.999999 1 0.999997 0.999998 1 0.999999 0.999999 1 1 0.999999 1 1 1 0.999999 0.999999 0.999999 0.999998 0.999998 0.999998 1 0.999998 1 0.999998 0.999999 0.999999 1 1 0.999999 1 1 0.999999 1 1 0.999999 0.999999 1 0.999999 1 1 1 0.999999 0.999998 0.999999 1 0.999998 1 1 0.999998 0.999999 0.999999 1 0.999999 0.999999 0.999999 0.999999 0.999999 1 0.999998 1 1 1 0.999999 1 1 1 0.999998 0.999999 0.999999 1 0.999999 0.999998 0.999997 0.999999 0.999996 0.999999 1 0.999999 0.999998 1 1 1 0.999998 1 0.999999 1 1 0.999999 1 0.999998 0.999999 1 1 0.999999 1 0.999998 0.999998 1 0.999997 0.999999 0.999998 1 0.999999 0.999999 0.999999 1 1 1 0.999999 0.999999 1 1 0.999999 1 0.999998 0.999999 0.999999 0.999998 1 0.999999 0.999998 1 0.999998 1 1 0.999999 0.999998 0.999998 1 0.999998 0.999998 0.999998 1 0.999999 0.999999 0.999998 1 1 1 0.999998 0.999998 1 0.999998 1 1 0.999998 0.999998 1 1 1 0.999997 0.999998 1 1 1 1 1 0.999998 0.999999 0.999999 1 0.999998 1 1 0.999999 0.999999 1 0.999999 1 1 1 0.999999 0.999999 0.999999 1 1 1 0.999998 0.999999 0.999999 1 1 0.999999 0.999999 1 0.999998 1 1 0.999999 0.999998 1 0.999999 1 0.999998 0.999999 0.999999 0.999998 0.999998 0.999998 1 1 0.999998 1 0.999999 1 1 0.999998 0.999998 0.999999 0.999999 0.999999 0.999998 0.999999 1 1 0.999998 0.999998 1 0.999999 0.999999 0.999998 0.999998 1 0.999999 1 0.999998 0.999999 1 0.999999 1 0.999998 0.999999 0.999999 1 1 1 1 1 1 0.999999 0.999998 0.999998 1 0.999998 1 1 0.999997 0.999999 0.999998 0.999999 0.999999 0.999999 1 1 0.999998 1 0.999999 1 1 1 1 0.999999 1 0.999999 0.999999 1 0.999999 0.999998 1 1 0.999999 0.999999 1 1 1 0.999997 0.999999 1 1 0.999999 1 1 0.999999 0.999998 1 1 0.999998 0.999999 0.999999 0.999998 0.999997 0.999997 1 0.999997 0.999998 0.999999 0.999997 1 1 1 1 1 0.999999 1 1 1 0.999998 1 0.999999 1 1 1 1 0.999998 0.999999 1 0.999998 0.999999 1 0.999999 0.999999 1 1 0.999998 0.999998 0.999999 0.999998 0.999999 1 1 0.999999 1 0.999999 0.999998 1 1 1 0.999999 1 0.999998 1 0.999999 1 0.999998 0.999999 1 0.999999 1 0.999999 1 1 1 0.999999 1 1 0.999998 0.999998 0.999998 0.999998 1 1 0.999998 0.999997 1 1 0.999999 1 0.999998 0.999999 0.999999 1 1 1 1 0.999998 0.999999 0.999999 1 0.999997 1 0.999999 0.999999 1 0.999997 1 0.999998 1 1 1 1 0.999999 1 1 1 0.999999 1 1 0.999999 0.999999 1 0.999999 0.999999 0.999999 1 1 0.999999 1 1 1 1 0.999998 1 0.999999 0.999998 1 0.999998 1 0.999999 1 1 1 0.999999 0.999997 0.999998 1 0.999999 1 0.999999 0.999999 1 0.999998 0.999999 1 1 1 0.999999 0.999998 1 1 1 0.999998 0.999999 0.999998 1 0.999999 1 0.999998 0.999998 0.999999 0.999999 1 1 1 1 1 1 1 1 0.999999 0.999999 1 1 0.999998 1 1 1 0.999998 1 0.999999 0.999998 1 1 1 1 1 0.999998 0.999998 0.999999 1 1 1 0.999998 0.999999 0.999999 0.999999 0.999999 0.999997 0.999998 1 0.999998 0.999998 1 1 1 0.999998 0.999999 0.999999 0.999998 1 0.999998 0.999999 1 1 1 1 0.999998 0.999998 0.999999 0.999999 0.999998 0.999998 1 0.999998 1 0.999999 0.999999 1 1 0.999999 0.999998 0.999999 0.999998 1 1 1 0.999998 0.999998 1 0.999998 0.999999 1 1 0.999999 0.999997 1 1 0.999998 1 0.999999 0.999998 1 0.999998 0.999998 0.999997 0.999999 0.999998 1 1 1 1 0.999998 1 1 1 1 1 0.999998 1 0.999998 0.999999 0.999999 1 0.999998 1 1 1 0.999998 1 1 0.999998 1 0.999999 0.999998 0.999998 1 1 1 0.999999 0.999998 1 0.999999 0.999999 0.999999 1 0.999998 1 0.999999 0.999999 1 1 1 0.999999 0.999999 0.999999 1 1 0.999998 0.999998 1 1 0.999998 0.999998 0.999998 0.999999 1 0.999999 1 0.999997 0.999997 0.999999 0.999999 1 1 0.999999 0.999998 0.999999 0.999999 0.999998 1 0.999998 1 0.999999 1 0.999998 0.999999 1 0.999999 1 1 1 0.999998 0.999999 0.999999 0.999999 1 0.999998 0.999998 1 1 1 0.999999 1 1 0.999999 0.999999 0.999998 0.999998 0.999998 1 0.999999 0.999999 0.999999 0.999998 0.999997 0.999998 1 1 0.999998 0.999999 0.999999 1 1 0.999997 1 0.999999 1 0.999999 0.999997 0.999999 1 0.999998 1 0.999997 0.999999 0.999999 0.999999 1 0.999999 1 1 1 0.999999 0.999997 0.999999 0.999998 0.999998 0.999999 0.999998 1 1 1 1 0.999998 1 1 0.999999 1 1 0.999998 0.999999 0.999999 0.999999 1 1 1 1 0.999999 1 1 1 1 1 1 0.999999 1 0.999998 0.999999 1 1 1 1 0.999999 1 0.999997 0.999999 1 0.999998 0.999999 0.999999 0.999998 1 1 0.999998 1 0.999996 0.999999 1 1 1 1 0.999998 0.999999 1 0.999998 0.999999 0.999999 1 1 0.999998 0.999999 1 0.999999 1 1 1 0.999998 0.999998 1 1 1 1 1 1 0.999999 1 1 1 0.999999 0.999998 0.999998 1 1 0.999998 1 1 1 1 0.999998 0.999999 0.999999 1 1 1 1 1 1 0.999998 0.999999 0.999999 1 0.999997 1 1 1 1 1 0.999999 0.999999 1 1 0.999998 0.999998 0.999998 1 1 0.999999 0.999998 0.999999 1 1 1 1 0.999998 1 0.999999 1 0.999998 1 1 1 0.999998 1 1 1 1 0.999998 1 1 1 0.999999 0.999999 0.999997 0.999999 0.999997 0.999997 1 1 1 1 1 1 0.999998 1 0.999999 0.999999 1 1 0.999999 1 0.999998 1 0.999998 0.999999 1 1 0.999999 0.999998 1 1 0.999999 1 0.999999 1 1 1 1 1 1 1 0.999999 1 0.999999 1 1 1 1 1 0.999998 1 0.999999 1 1 1 0.999999 1 0.999998 1 1 0.999998 1 0.999999 1 0.999998 1 1 0.999998 1 0.999998 1 1 0.999998 0.999999 0.999998 1 1 0.999999 0.999996 1 0.999999 0.999998 0.999999 0.999999 0.999998 0.999999 0.999999 1 1 1 0.999999 1 1 0.999999 0.999998 0.999996 1 1 0.999998 1 0.999999 1 1 1 1 1 1 0.999999 1 1 0.999998 1 1 1 0.999998 1 0.999999 1 0.999998 0.999999 0.999998 1 0.999999 1 1 0.999999 1 1 0.999999 1 1 0.999997 1 1 1 1 0.999998 1 1 1 1 1 1 0.999998 0.999999 0.999999 0.999999 0.999999 0.999997 1 0.999999 1 1 0.999998 1 1 1 1 0.999998 1 0.999998 1 1 1 0.999999 0.999999 1 1 0.999999 0.999998 1 0.999998 1 0.999999 1 1 0.999998 0.999999 0.999999 0.999999 1 0.999999 0.999999 0.999998 1 1 0.999999 0.999999 1 1 0.999997 0.999998 0.999999 0.999997 1 1 1 0.999999 1 1 0.999998 0.999999 1 0.999999 1 0.999998 0.999999 1 0.999999 1 1 1 1 0.999999 1 1 1 0.999999 1 0.999998 1 1 1 0.999998 1 1 1 0.999998 1 0.999999 0.999998 1 1 1 0.999998 0.999999 1 1 0.999999 0.999998 0.999999 0.999999 1 0.999999 1 0.999996 0.999999 0.999998 0.999999 1 1 1 1 0.999999 1 1 0.999999 1 1 0.999999 0.999999 1 0.999998 1 0.999999 1 1 1 0.999998 0.999997 1 1 0.999998 0.999998 1 1 1 0.999998 0.999998 0.999998 1 0.999998 0.999998 0.999999 1 0.999999 1 1 0.999999 1 0.999997 0.999998 1 0.999999 1 1 0.999998 1 1 0.999996 1 1 1 0.999998 0.999999 1 0.999998 1 1 0.999999 0.999999 1 1 1 0.999999 1 1 0.999999 0.999998 0.999999 1 1 1 0.999998 0.999998 0.999999 0.999998 0.999998 0.999998 0.999998 0.999998 1 0.999999 1 1 0.999997 0.999998 1 1 0.999999 1 0.999998 0.999998 0.999999 0.999999 0.999997 0.999999 0.999999 1 1 1 1 1 1 1 1 0.999996 0.999999 1 0.999999 0.999998 1 0.999998 1 0.999998 0.999999 1 1 0.999998 0.999999 1 0.999998 0.999999 0.999999 1 1 0.999999 1 1 1 1 0.999998 0.999999 0.999999 1 1 0.999999 1 1 1 0.999998 0.999999 1 1 1 1 0.999998 1 1 1 1 1 0.999998 1 0.999999 0.999999 1 0.999998 0.999999 0.999998 0.999999 1 1 0.999998 0.999998 1 1 1 1 0.999998 1 1 0.999999 1 0.999999 1 1 0.999998 1 0.999999 0.999999 1 0.999999 0.999999 1 1 0.999998 0.999998 1 0.999998 0.999997 0.999998 1 1 1 1 0.999999 1 1 1 1 1 0.999999 1 1 1 1 1 1 0.999999 1 0.999998 1 1 1 0.999997 0.999998 1 1 1 0.999998 1 0.999997 1 1 0.999999 0.999998 1 0.999999 0.999998 1 0.999997 0.999999 1 1 0.999998 1 1 0.999997 0.999999 0.999999 1 0.999999 0.999999 1 1 1 1 1 0.999998 0.999998 1 0.999997 1 1 1 0.999998 1 1 0.999999 1 0.999999 1 0.999999 1 1 0.999998 1 1 0.999998 0.999998 0.999999 1 1 0.999998 0.999999 1 0.999999 0.999998 1 1 0.999997 0.999998 0.999998 1 1 1 1 1 1 0.999999 0.999998 1 1 1 1 1 0.999998 0.999999 0.999998 0.999998 0.999999 1 0.999999 0.999997 0.999999 1 1 1 1 1 0.999997 1 0.999998 0.999999 1 1 1 1 0.999998 0.999998 1 1 1 1 1 0.999999 0.999998 1 0.999999 0.999999 1 0.999998 0.999998 1 0.999999 1 1 1 1 1 1 1 0.999999 0.999999 0.999996 1 0.999998 0.999999 1 0.999998 1 1 0.999998 1 0.999998 0.999999 1 1 1 1 1 0.999999 0.999999 0.999999 0.999998 1 0.999999 1 0.999998 0.999997 1 1 0.999999 0.999999 0.999998 1 1 1 1 1 0.999999 0.999997 0.999998 0.999999 1 1 1 0.999997 0.999998 0.999998 1 1 0.999999 0.999999 1 0.999998 1 1 0.999999 1 1 1 1 0.999997 0.999999 1 0.999997 1 1 0.999998 0.999998 0.999997 1 0.999999 0.999999 1 1 0.999999 1 1 1 1 1 0.999997 0.999998 0.999997 1 0.999999 0.999999 0.999999 1 1 0.999999 1 1 1 1 1 0.999999 1 0.999999 1 0.999999 1 1 0.999999 1 1 0.999998 0.999998 1 1 0.999999 0.999999 0.999999 1 0.999999 1 1 0.999999 0.999999 0.999999 1 1 1 0.999998 1 1 1 1 1 0.999999 1 1 1 1 0.999999 1 0.999998 1 1 1 0.999998 0.999999 1 0.999997 1 0.999998 0.999999 1 0.999998 0.999997 1 1 1 0.999999 0.999999 1 1 0.999999 0.999998 1 0.999999 0.999998 1 1 0.999998 0.999998 1 1 1 1 1 1 0.999998 1 1 1 0.999998 1 1 1 1 1 0.999999 1 0.999999 0.999999 0.999998 0.999999 1 0.999999 1 1 0.999999 0.999998 0.999998 0.999997 0.999998 1 1 1 1 0.999998 0.999998 0.999998 0.999998 1 1 1 0.999999 0.999999 0.999999 1 1 0.999998 1 0.999999 1 0.999997 0.999999 1 0.999997 0.999999 1 1 0.999999 0.999998 0.999998 1 0.999999 0.999999 0.999998 1 1 1 1 1 1 0.999999 0.999999 0.999998 1 0.999999 0.999998 1 0.999998 0.999998 0.999999 1 0.999999 1 1 1 0.999999 1 0.999997 1 0.999998 0.999999 0.999999 1 0.999998 1 1 1 0.999999 0.999999 1 1 1 1 0.999998 0.999997 1 0.999998 0.999998 0.999999 0.999999 0.999997 1 0.999998 1 0.999999 1 1 0.999999 1 1 1 0.999999 0.999998 1 1 1 1 0.999999 0.999999 0.999999 0.999998 0.999999 0.999998 0.999999 0.999999 1 0.999998 0.999998 0.999998 0.999998 1 1 1 0.999998 1 1 0.999999 1 0.999999 0.999999 0.999999 1 1 1 1 1 0.999998 0.999999 0.999999 1 1 0.999999 1 0.999999 0.999999 0.999998 1 0.999997 0.999998 0.999998 0.999999 1 1 0.999999 1 0.999999 1 0.999998 0.999999 0.999999 0.999998 0.999999 1 1 0.999999 1 0.999999 1 0.999999 0.999997 0.999999 0.999999 1 0.999999 1 0.999999 1 1 1 1 1 1 0.999999 1 0.999998 1 1 1 1 0.999998 1 0.999998 0.999997 1 1 0.999998 1 1 0.999998 1 0.999998 1 0.999999 1 0.999999 0.999999 1 0.999999 0.999999 1 1 0.999999 0.999998 1 0.999999 1 1 1 1 1 1 0.999999 0.999998 0.999999 0.999999 1 0.999999 0.999998 1 0.999999 1 0.999998 0.999997 1 1 1 1 1 0.999999 0.999999 1 0.999997 1 1 0.999999 0.999998 1 0.999998 0.999998 1 1 1 1 1 0.999999 0.999998 1 1 1 0.999998 0.999998 1 1 1 1 0.999999 0.999998 0.999999 0.999997 1 0.999998 0.999998 0.999999 1 1 1 0.999999 1 1 1 1 1 1 1 0.999999 1 1 0.999998 0.999999 0.999998 0.999997 1 0.999998 0.999998 1 1 1 0.999998 1 1 0.999997 0.999996 0.999999 0.999998 1 0.999999 1 0.999999 0.999999 0.999998 1 1 1 1 0.999998 0.999999 0.999998 0.999999 1 1 1 0.999998 1 1 1 1 1 0.999998 1 0.999998 0.999998 1 0.999997 1 0.999999 1 1 0.999998 1 0.999999 0.999997 0.999999 0.999998 1 0.999999 1 0.999998 1 1 1 1 1 0.999999 1 1 1 0.999998 1 1 0.999999 0.999998 1 1 0.999997 0.999999 1 1 1 1 1 0.999999 1 0.999997 0.999999 1 1 1 1 0.999998 0.999999 1 0.999998 0.999998 0.999997 1 1 0.999997 1 0.999998 0.999999 0.999998 1 0.999999 0.999999 1 1 1 0.999999 0.999998 0.999998 1 1 1 0.999999 0.999998 0.999998 0.999999 1 0.999998 0.999997 1 0.999997 0.999997 1 0.999998 0.999999 0.999998 0.999999 0.999999 0.999999 1 1 1 1 1 0.999998 0.999999 1 1 1 1 0.999999 1 0.999997 1 1 1 1 1 1 0.999999 0.999998 0.999999 0.999998 0.999999 0.999999 1 0.999998 0.999999 0.999999 0.999999 0.999997 1 0.999998 0.999999 1 1 0.999998 1 1 1 0.999999 0.999997 1 1 1 1 0.999997 0.999998 1 1 1 1 1 1 1 0.999999 1 1 1 0.999998 0.999999 1 1 1 0.999999 0.999999 0.999998 0.999999 0.999999 1 0.999998 1 0.999999 0.999999 1 0.999998 1 0.999999 1 1 1 1 0.999999 0.999998 0.999999 0.999999 0.999999 0.999999 0.999999 1 1 0.999999 0.999999 0.999999 1 1 1 1 1 1 1 0.999998 1 1 1 0.999999 1 0.999999 1 0.999998 0.999998 0.999999 1 1 1 1 1 1 0.999999 1 1 0.999999 1 1 0.999998 1 1 0.999997 1 1 1 0.999999 0.999998 1 1 0.999998 1 0.999999 1 0.999998 1 0.999999 0.999998 0.999999 0.999999 1 0.999999 1 0.999999 1 1 0.999999 1 0.999997 0.999998 0.999998 0.999999 1 0.999998 1 1 1 1 0.999998 0.999999 0.999997 0.999999 0.999998 0.999998 1 0.999997 1 1 1 0.999999 1 1 1 1 1 1 0.999999 1 1 1 1 0.999999 1 0.999998 1 0.999999 1 1 1 0.999998 1 0.999999 0.999999 1 1 0.999997 1 1 1 0.999999 1 1 0.999997 1 1 1 0.999999 1 0.999999 1 1 0.999998 1 1 0.999998 1 0.999999 1 0.999998 0.999998 0.999998 1 1 0.999998 1 1 1 1 1 0.999999 1 1 1 0.999999 1 1 1 0.999998 0.999999 1 0.999999 0.999999 1 1 1 0.999998 1 0.999998 0.999998 0.999999 0.999999 1 0.999999 0.999998 1 1 1 0.999998 0.999999 1 1 0.999999 0.999997 0.999999 1 0.999999 1 1 1 1 0.999997 1 1 1 0.999999 0.999998 1 1 1 1 1 1 0.999998 1 0.999997 1 1 1 0.999999 0.999999 0.999997 0.999998 1 1 1 1 0.999998 0.999997 1 0.999997 1 1 1 1 0.999999 0.999999 0.999999 1 0.999998 0.999999 1 0.999999 1 0.999999 1 0.999998 0.999998 0.999999 1 1 0.999998 1 1 1 1 1 1 1 1 1 1 1 0.999999 0.999999 1 0.999999 0.999998 1 1 1 0.999998 0.999999 1 0.999999 0.999998 0.999998 0.999999 1 0.999998 0.999999 1 0.999998 1 0.999999 1 1 1 1 1 0.999998 1 0.999999 0.999999 0.999999 1 0.999998 0.999998 1 1 0.999998 1 1 0.999999 0.999999 0.999997 0.999999 0.999998 1 0.999999 0.999998 0.999999 1 0.999999 1 0.999999 0.999998 0.999999 1 0.999998 1 1 1 1 1 0.999997 0.999999 0.999998 1 1 1 1 1 0.999998 0.999999 0.999998 0.999999 1 1 1 0.999999 1 1 0.999998 1 1 0.999998 1 1 0.999999 0.999998 1 1 1 1 0.999998 0.999999 0.999999 0.999998 1 1 1 1 1 1 1 0.999998 0.999999 1 1 0.999998 1 1 1 0.999999 1 0.999999 0.999999 0.999999 0.999999 1 0.999997 1 1 1 1 0.999998 1 0.999998 1 0.999998 1 1 0.999998 0.999999 0.999999 1 0.999998 1 1 1 0.999998 0.999999 0.999999 1 1 0.999997 1 0.999999 0.999999 1 1 1 1 1 1 0.999998 0.999999 1 1 0.999998 1 1 0.999998 0.999997 0.999998 0.999998 1 1 1 0.999999 0.999997 1 1 0.999999 0.999999 1 0.999999 1 0.999998 1 1 1 0.999999 1 0.999998 0.999998 0.999998 1 1 0.999998 1 0.999999 1 0.999998 1 0.999998 0.999998 0.999998 0.999999 1 0.999999 0.999999 0.999999 0.999998 0.999999 0.999998 1 1 1 1 0.999999 0.999997 0.999998 0.999998 0.999998 0.999999 0.999999 0.999998 0.999999 0.999999 1 0.999998 1 1 1 1 0.999998 1 0.999998 1 0.999999 0.999999 0.999999 1 0.999998 1 1 1 1 1 1 0.999999 0.999999 1 0.999999 1 0.999999 0.999998 1 0.999999 1 0.999999 1 0.999999 1 1 1 1 0.999999 1 1 1 1 0.999998 1 1 0.999998 1 0.999999 1 1 0.999999 0.999999 1 1 0.999999 0.999999 0.999997 1 0.999998 0.999998 1 0.999999 0.999999 0.999999 0.999998 0.999998 0.999998 1 1 0.999998 0.999998 1 0.999999 0.999998 1 1 0.999999 0.999996 0.999998 0.999999 0.999999 1 0.999999 0.999998 1 1 0.999998 1 1 1 1 1 0.999998 0.999998 1 0.999999 0.999997 0.999999 0.999999 1 0.999998 1 0.999998 1 0.999998 0.999999 1 1 0.999998 0.999999 1 0.999999 1 0.999998 0.999999 1 0.999998 0.999999 1 1 1 1 1 0.999999 1 0.999998 1 1 1 0.999998 1 0.999999 1 0.999999 0.999999 1 1 1 1 0.999997 0.999999 1 0.999999 1 1 0.999999 1 0.999998 1 0.999999 0.999999 0.999998 0.999999 1 0.999998 1 1 1 1 0.999999 0.999998 0.999997 1 0.999999 1 1 1 0.999999 1 1 1 1 0.999998 0.999998 1 1 1 0.999998 1 1 1 0.999999 0.999999 1 1 1 1 1 1 0.999999 0.999998 0.999998 1 0.999999 0.999998 0.999999 1 1 0.999998 0.999998 0.999999 1 1 0.999999 1 0.999998 0.999999 1 0.999999 1 1 1 1 0.999999 1 0.999999 1 0.999999 1 1 1 0.999999 0.999998 1 0.999999 1 0.999998 1 0.999999 0.999998 0.999998 0.999999 0.999999 0.999998 0.999998 1 0.999998 1 1 0.999999 1 0.999999 0.999998 1 1 0.999998 0.999999 1 1 1 0.999998 0.999998 0.999999 0.999999 0.999999 0.999999 1 0.999998 0.999998 0.999998 1 0.999998 1 1 1 1 1 0.999998 0.999999 0.999999 0.999999 0.999999 0.999998 1 0.999999 0.999998 1 1 1 1 0.999998 0.999999 0.999998 0.999999 0.999999 0.999998 1 0.999998 1 0.999999 1 1 1 0.999998 1 1 0.999999 0.999998 0.999998 1 0.999999 0.999999 0.999999 0.999998 0.999998 0.999998 0.999999 0.999999 1 1 0.999998 0.999999 0.999999 1 1 0.999997 0.999996 0.999999 0.999999 0.999998 0.999998 0.999999 1 0.999999 0.999998 1 1 0.999999 1 0.999999 0.999998 0.999996 0.999999 1 0.999997 1 1 1 1 1 1 1 1 0.999999 1 1 1 1 0.999997 0.999998 1 0.999999 1 1 1 0.999998 0.999997 0.999998 0.999999 0.999997 0.999998 0.999999 0.999998 1 0.999999 1 1 1 0.999998 0.999998 1 1 1 0.999999 1 1 0.999999 0.999998 1 0.999998 0.999998 1 1 1 1 0.999998 1 1 0.999997 0.999998 0.999998 1 0.999999 0.999997 1 1 1 1 1 1 1 1 1 0.999999 1 1 0.999999 0.999998 1 0.999999 1 1 1 0.999998 0.999999 1 0.999999 0.999999 0.999998 1 1 1 0.999999 1 1 0.999998 0.999999 0.999999 0.999998 0.999997 0.999998 0.999999 1 0.999999 1 1 0.999999 0.999999 1 1 0.999998 1 0.999997 0.999998 0.999998 1 0.999998 0.999998 1 1 0.999999 0.999998 1 1 0.999997 1 1 0.999999 1 0.999999 0.999999 0.999999 0.999998 0.999999 1 0.999999 0.999998 0.999998 1 1 0.999998 1 0.999999 0.999997 1 1 1 1 1 0.999998 0.999998 0.999999 0.999997 1 0.999997 0.999999 1 0.999998 1 1 0.999999 1 0.999999 1 0.999999 1 0.999998 0.999998 0.999999 0.999998 1 1 1 1 0.999999 1 0.999999 1 0.999999 0.999999 1 0.999999 1 1 1 0.999997 0.999999 1 0.999999 0.999998 1 1 0.999998 1 0.999998 1 1 1 0.999998 1 1 0.999998 1 0.999998 0.999999 1 0.999998 0.999999 0.999998 1 0.999999 0.999997 0.999999 0.999999 1 0.999998 0.999999 1 0.999998 1 1 1 0.999999 1 1 1 1 0.999998 0.999999 1 1 1 0.999998 1 0.999998 0.999997 1 0.999999 0.999999 1 0.999998 0.999996 0.999998 1 0.999999 0.999999 0.999998 1 0.999998 1 1 0.999995 0.999999 0.999999 0.999999 0.999997 1 1 1 0.999998 1 0.999999 1 0.999998 0.999999 0.999998 1 1 0.999999 1 1 0.999999 1 1 1 1 0.999999 0.999999 0.999998 1 1 0.999999 1 1 1 0.999997 1 0.999998 1 0.999998 1 0.999997 1 1 1 1 1 1 0.999998 0.999998 0.999998 0.999999 0.999999 1 1 0.999999 0.999999 1 0.999997 0.999998 1 0.999999 0.999999 1 0.999998 1 1 0.999999 1 1 1 1 1 1 1 1 1 0.999999 0.999998 1 0.999998 1 1 0.999999 1 1 1 1 1 1 1 0.999999 0.999998 0.999997 0.999999 0.999999 1 1 0.999999 0.999998 0.999999 1 0.999998 0.999999 1 1 1 1 0.999999 1 1 1 0.999998 0.999998 0.999998 1 1 0.999999 0.999998 0.999999 0.999999 1 1 0.999998 0.999997 1 1 0.999998 0.999999 0.999999 0.999998 1 0.999998 1 0.999999 1 0.999998 1 0.999999 0.999999 1 1 1 0.999998 0.999999 1 0.999999 0.999999 0.999999 0.999999 0.999999 1 0.999998 0.999998 0.999998 1 0.999997 1 1 0.999998 0.999999 0.999998 1 1 0.999998 1 1 0.999998 1 0.999998 0.999998 0.999998 1 1 0.999999 0.999999 0.999999 1 1 1 0.999999 0.999998 1 1 0.999999 1 1 0.999998 0.999999 1 1 1 1 1 1 0.999999 0.999999 1 0.999999 0.999998 0.999997 0.999999 1 0.999999 1 0.999999 0.999999 0.999998 1 0.999999 0.999998 0.999998 0.999999 0.999998 1 1 1 1 1 0.999998 0.999999 0.999998 0.999999 0.999998 1 0.999998 1 0.999998 1 0.999998 1 0.999999 0.999998 0.999999 1 0.999998 0.999999 1 0.999998 1 0.999999 1 1 1 0.999999 0.999998 1 0.999998 1 1 0.999998 0.999999 0.999999 1 0.999999 1 0.999999 1 0.999998 0.999999 0.999998 0.999997 1 1 1 1 0.999999 1 1 1 0.999998 1 1 1 1 0.999998 0.999999 0.999999 1 0.999999 0.999999 1 1 1 0.999999 1 0.999998 0.999999 0.999998 0.999997 1 1 1 0.999999 1 1 0.999999 1 1 0.999997 0.999999 1 1 1 1 1 0.999999 1 0.999999 0.999999 0.999998 0.999997 1 1 1 0.999999 1 0.999997 0.999998 0.999998 0.999999 1 1 0.999999 0.999999 1 1 0.999998 0.999999 0.999999 1 0.999997 1 0.999998 0.999996 0.999998 1 1 0.999998 0.999999 0.999998 1 1 0.999997 1 0.999998 0.999998 0.999999 0.999999 1 1 0.999998 0.999999 1 0.999999 1 1 1 1 1 1 0.999999 0.999998 0.999999 1 0.999998 0.999998 0.999999 1 1 1 1 0.999999 1 0.999999 0.999997 1 1 1 0.999998 0.999998 0.999997 0.999997 1 0.999998 1 1 1 0.999998 0.999998 1 1 0.999998 0.999999 0.999999 1 0.999999 0.999999 0.999998 0.999999 1 0.999999 1 1 1 1 0.999998 1 0.999999 1 0.999999 1 0.999998 1 0.999998 1 0.999997 0.999997 0.999998 0.999997 1 0.999997 0.999999 0.999997 1 0.999999 0.999997 0.999999 1 1 1 0.999999 0.999999 0.999998 0.999998 0.999999 0.999999 0.999999 0.999999 1 0.999998 0.999998 0.999999 0.999999 0.999999 1 0.999999 0.999999 1 0.999999 0.999999 0.999999 1 0.999999 1 1 0.999998 1 1 0.999999 0.999999 0.999999 1 0.999998 0.999998 1 1 0.999998 1 0.999999 0.999998 1 1 1 1 0.999998 0.999999 0.999999 0.999999 0.999998 0.999998 0.999999 0.999999 1 1 1 0.999999 0.999999 0.999998 1 1 1 1 1 0.999997 1 1 0.999997 0.999997 1 1 1 1 0.999999 0.999998 1 1 0.999999 1 0.999998 0.999998 0.999999 1 0.999999 1 1 1 0.999998 1 1 1 0.999998 0.999997 1 0.999998 1 1 1 0.999998 1 1 0.999999 0.999999 0.999999 1 0.999998 0.999999 1 0.999998 1 1 0.999999 1 1 1 1 0.999999 0.999998 0.999999 1 1 0.999998 1 1 0.999998 0.999998 0.999999 0.999997 1 1 0.999999 0.999997 0.999998 1 0.999998 1 0.999998 0.999998 1 1 1 0.999998 0.999999 1 1 0.999998 0.999999 0.999999 0.999999 1 1 1 1 1 0.999998 1 0.999999 1 1 1 1 0.999999 1 0.999999 1 0.999999 1 1 0.999999 1 0.999998 1 1 1 1 0.999998 0.999998 1 1 1 1 0.999999 1 1 0.999999 1 1 1 1 1 0.999999 1 0.999999 0.999999 0.999998 0.999999 1 0.999998 1 1 0.999999 0.999998 0.999998 1 0.999999 0.999999 1 1 1 0.999998 0.999998 0.999999 0.999999 0.999998 1 0.999998 0.999998 0.999999 0.999999 0.999999 1 1 0.999999 0.999997 1 0.999999 1 1 0.999997 0.999998 1 0.999999 1 0.999998 0.999998 1 1 1 1 1 0.999997 0.999999 1 1 0.999999 0.999999 1 1 1 0.999997 0.999999 1 0.999999 0.999998 0.999999 1 1 0.999999 1 1 0.999999 1 0.999998 1 1 1 1 0.999999 1 0.999998 1 1 0.999997 0.999999 1 0.999998 0.999999 1 1 1 0.999999 0.999999 1 0.999998 0.999999 0.999998 1 0.999999 1 0.999999 0.999998 0.999999 0.999998 1 1 0.999999 0.999997 1 1 0.999998 1 0.999999 1 0.999998 1 1 0.999998 1 1 0.999999 0.999999 1 1 1 0.999998 1 1 1 1 1 1 1 0.999999 1 1 0.999997 0.999999 1 0.999998 0.999999 1 0.999999 0.999999 1 1 0.999999 0.999997 0.999998 0.999996 1 0.999998 0.999999 0.999998 0.999999 1 0.999998 1 1 1 1 1 0.999999 0.999998 1 1 1 1 1 0.999997 1 1 0.999999 1 1 0.999999 0.999999 0.999998 0.999999 0.999999 0.999999 1 0.999998 0.999999 1 1 1 0.999998 0.999997 0.999998 0.999999 1 0.999996 0.999998 0.999997 0.999999 0.999998 0.999998 1 0.999998 1 1 0.999998 1 0.999998 1 0.999999 0.999999 0.999998 1 1 0.999998 1 1 0.999997 1 1 0.999999 1 0.999999 1 0.999998 1 0.999999 1 0.999999 0.999998 0.999997 1 0.999998 0.999998 1 1 1 1 0.999999 0.999997 1 0.999998 1 1 1 0.999997 0.999998 0.999998 0.999998 0.999999 0.999999 1 0.999998 0.999999 0.999997 0.999998 0.999998 1 1 1 1 0.999998 0.999997 0.999999 0.999997 1 0.999999 0.999999 0.999998 1 1 1 0.999998 0.999998 1 1 0.999998 0.999998 1 0.999999 0.999998 0.999998 1 1 0.999999 0.999998 1 1 0.999998 1 0.999999 1 1 0.999999 0.999999 1 1 0.999997 1 0.999999 0.999998 0.999998 0.999999 1 0.999999 1 1 0.999999 0.999997 0.999998 0.999998 0.999998 1 0.999999 1 0.999999 0.999998 0.999998 1 1 1 0.999999 1 1 0.999999 0.999999 0.999998 0.999998 1 0.999998 1 0.999999 1 0.999998 0.999998 0.999998 1 0.999997 1 0.999999 1 0.999998 0.999998 0.999998 1 0.999998 1 0.999999 0.999998 0.999997 0.999999 1 0.999998 1 1 0.999999 0.999999 0.999997 0.999997 0.999999 1 0.999998 1 1 1 1 0.999997 0.999997 1 1 0.999998 1 1 1 1 0.999998 0.999999 0.999997 0.999999 0.999999 1 1 1 0.999998 0.999998 1 0.999999 0.999997 1 1 0.999998 0.999999 0.999997 0.999999 1 1 0.999998 1 0.999999 1 1 0.999998 0.999999 0.999998 1 1 0.999999 1 0.999998 0.999998 1 1 0.999999 0.999999 0.999999 0.999999 0.999999 1 0.999999 1 1 0.999998 0.999999 0.999999 0.999999 0.999999 1 0.999999 0.999999 1 0.999998 0.999999 1 0.999998 1 0.999999 0.999997 1 0.999997 0.999999 0.999998 0.999998 0.999999 1 0.999998 1 0.999998 0.999998 0.999999 1 1 1 1 1 0.999998 1 1 1 1 0.999999 1 0.999999 0.999999 1 1 1 0.999998 1 0.999999 1 0.999998 0.999998 0.999999 1 1 1 0.999999 1 0.999998 1 1 0.999998 1 1 0.999999 1 0.999998 0.999997 0.999999 1 1 1 0.999999 0.999998 1 0.999999 1 0.999999 0.999998 1 0.999999 1 1 0.999998 0.999999 1 0.999997 0.999998 1 1 0.999999 0.999998 0.999998 1 0.999998 1 1 1 0.999999 1 0.999999 0.999999 1 1 0.999999 1 0.999998 1 1 1 1 0.999999 1 1 0.999998 0.999998 1 0.999997 0.999999 0.999997 1 1 0.999999 1 1 1 0.999999 1 1 1.00001 0.999997 1 1 0.999998 0.999998 0.999999 0.999997 0.999999 0.999999 1 0.999998 1 0.999999 1 0.999998 0.999999 0.999999 0.999999 1 1 1 1 0.999999 1 0.999998 1 0.999999 1 0.999999 0.999999 1 0.999998 1 1 1 1 1 0.999999 0.999999 1 0.999998 0.999998 1 0.999998 0.999998 1 0.999999 1 1 0.999999 0.999999 0.999998 0.999998 1 1 0.999999 0.999999 1 0.999999 1 0.999999 1 0.999997 0.999998 1 0.999997 1 1 0.999998 0.999998 0.999997 0.999999 1 1 1 1 1 1 0.999999 0.999998 1 1 0.999997 0.999999 1 1 1 0.999999 1 1 1 0.999998 1 1 1 1 0.999999 1 0.999999 0.999998 1 0.999998 0.999998 1 1 0.999998 0.999999 1 0.999999 1 1 0.999998 1 0.999998 0.999999 1 0.999998 0.999998 0.999998 0.999998 1 0.999999 1 1 0.999999 1 1 0.999999 0.999999 0.999998 0.999997 0.999998 1 1 1 1 0.999997 0.999999 1 0.999999 1 1 0.999998 0.999996 1 1 1 1 0.999999 1 1 0.999998 0.999999 1 0.999998 1 0.999999 1 0.999998 1 1 0.999999 0.999999 0.999999 1 0.999998 0.999998 1 1 0.999998 1 0.999998 0.999998 1 1 1 1 1 0.999996 0.999998 1 1 0.999998 0.999998 0.999998 1 1 1 0.999999 1 1 1 1 1 1 1 1 0.999998 1 1 1 1 0.999999 0.999998 0.999998 1 0.999999 0.999999 1 1 0.999998 1 0.999998 1 1 1 0.999998 0.999999 0.999999 0.999998 0.999999 1 1 0.999999 0.999999 0.999998 0.999999 1 1 0.999999 1 0.999998 0.999998 0.999999 0.999999 1 0.999999 0.999999 0.999998 1 1 0.999999 0.999999 1 0.999999 0.999998 1 0.999999 1 0.999998 0.999998 0.999999 1 1 1 0.999998 1 0.999998 1 0.999998 1 1 0.999999 0.999998 0.999999 1 0.999997 0.999999 1 1 1 1 0.999999 1 1 1 1 1 0.999998 0.999999 1 0.999999 1 1 1 0.999998 0.999998 0.999998 0.999999 1 0.999998 0.999998 1 0.999998 0.999999 1 0.999999 0.999999 1 0.999999 1 0.999998 0.999998 1 0.999999 1 1 1 0.999998 1 1 0.999999 0.999999 0.999999 0.999997 0.999998 0.999999 1 0.999998 1 1 0.999998 0.999998 1 0.999997 0.999999 1 1 1 0.999999 0.999998 0.999999 0.999999 0.999998 1 1 0.999998 1 1 0.999999 1 0.999998 0.999999 1 0.999999 0.999999 1 0.999999 1 1 1 0.999999 1 0.999998 0.999998 0.999999 1 0.999998 0.999998 0.999998 1 1 1 1 0.999998 1 0.999998 1 1 1 1 0.999998 1 0.999997 1 0.999999 1 0.999998 0.999999 1 1 1 1 1 0.999997 0.999998 1 1 1 0.999998 0.999998 0.999998 1 1 1 1 1 0.999999 1 0.999998 0.999997 0.999999 1 1 1 0.999998 0.999999 1 0.999998 1 1 1 1 0.999997 0.999998 0.999998 0.999999 1 0.999998 0.999998 1 1 0.999999 1 1 1 1 1 1 1 0.999999 1 1 1 0.999999 0.999999 0.999998 0.999999 1 0.999999 1 0.999999 0.999998 1 0.999998 1 0.999999 1 0.999997 0.999999 1 0.999999 0.999999 0.999998 0.999998 1 1 0.999998 1 1 1 0.999999 1 1 1 1 1 1 1 1 0.999997 1 0.999999 0.999999 0.999999 1 0.999997 1 0.999999 0.999998 1 0.999998 1 1 1 1 1 0.999999 1 0.999999 1 1 0.999999 0.999999 1 0.999998 0.999999 1 1 0.999999 0.999999 1 1 1 0.999999 0.999998 0.999998 0.999999 0.999998 0.999998 1 1 0.999999 0.999998 1 1 0.999998 0.999997 0.999998 1 0.999997 0.999999 0.999998 1 0.999999 1 0.999998 1 0.999998 1 0.999999 1 0.999998 1 0.999999 1 0.999998 0.999997 0.999999 0.999999 1 0.999999 1 0.999999 1 0.999999 0.999999 1 0.999999 1 1 0.999999 0.999998 1 1 0.999999 0.999999 0.999999 0.999998 0.999998 1 1 0.999999 0.999998 0.999999 0.999998 1 1 1 0.999999 1 1 1 0.999999 1 0.999998 1 0.999997 1 1 1 0.999999 0.999998 0.999998 1 0.999999 1 1 1 0.999999 1 1 0.999998 1 0.999998 0.999998 0.999998 0.999999 1 1 1 0.999998 0.999998 1 0.999999 1 0.999999 0.999999 1 1 0.999998 1 0.999999 1 0.999999 1 1 1 1 1 1 1 0.999999 1 1 0.999999 1 0.999999 1 1 1 1 1 1 0.999999 0.999999 0.999998 1 0.999997 0.999999 1 0.999996 0.999999 1 1 0.999998 1 1 1 1 0.999999 0.999998 0.999999 0.999999 1 0.999999 1 0.999999 0.999999 0.999997 1 0.999999 1 1 1 1 0.999998 0.999999 1 1 0.999999 1 1 0.999998 1 0.999999 0.999999 1 1 0.999999 1 0.999999 0.999999 0.999997 1 1 1 0.999999 1 1 1 1 1 0.999999 1 0.999999 1 0.999999 0.999998 0.999999 1 1 1 1 1 1 0.999999 0.999999 1 0.999998 1 1 1 1 0.999999 1 0.999998 0.999999 0.999999 0.999999 0.999998 0.999999 0.999999 0.999999 1 0.999998 0.999998 0.999999 0.999998 0.999998 1 0.999999 1 0.999999 0.999999 0.999999 1 0.999999 0.999999 1 1 1 0.999998 0.999998 0.999998 0.999999 0.999999 0.999998 1 1 1 0.999999 0.999998 0.999999 1 1 0.999998 1 1 0.999999 1 0.999998 0.999999 0.999997 1 1 1 1 0.999997 0.999998 1 1 1 1 0.999997 1 0.999999 1 0.999999 0.999999 0.999999 1 1 0.999998 1 0.999997 1 0.999999 1 1 0.999999 1 0.999998 1 0.999999 0.999998 0.999997 1 0.999998 1 0.999998 1 1 0.999999 1 0.999999 0.999998 1 1 1 1 0.999998 0.999999 1 0.999998 0.999998 1 1 0.999999 0.999998 0.999999 0.999999 0.999998 1 1 1 0.999998 0.999999 1 0.999998 0.999999 1 1 0.999998 1 0.999998 0.999999 1 1 0.999999 0.999998 1 1 0.999999 1 0.999998 1 1 0.999999 1 1 1 1 1 1 1 1 0.999998 0.999998 0.999997 1 1 0.999998 0.999998 1 1 0.999999 0.999999 0.999998 0.999998 0.999999 0.999999 0.999999 1 1 0.999999 1 0.999999 1 1 1 1 0.999999 1 1 0.999999 1 0.999999 0.999998 1 1 0.999998 0.999997 1 0.999999 0.999999 1 1 0.999999 1 1 0.999997 0.999998 1 1 0.999999 1 1 0.999998 0.999998 1 0.999998 1 1 0.999998 1 0.999998 0.999998 1 1 1 1 0.999998 1 1 0.999997 0.999998 0.999997 1 0.999999 1 1 1 1 1 0.999998 0.999998 0.999998 1 0.999999 1 1 0.999998 0.999999 1 1 1 0.999999 0.999998 1 1 1 1 0.999999 0.999999 0.999997 0.999999 1 1 1 0.999999 1 1 0.999999 1 0.999997 1 1 0.999999 0.999999 0.999998 1 0.999999 1 1 0.999998 0.999998 0.999999 1 0.999999 1 0.999997 0.999998 1 1 0.999999 0.999998 0.999998 0.999998 1 0.999998 0.999998 1 0.999998 0.999998 0.999998 1 0.999997 0.999999 0.999999 0.999998 1 1 1 1 1 0.999998 1 0.999999 0.999999 1 0.999997 1 0.999998 0.999998 0.999998 1 0.999999 0.999999 0.999999 1 1 1 0.999999 0.999999 0.999998 0.999998 1 1 0.999998 1 1 0.999998 0.999998 0.999998 0.999999 1 0.999998 1 0.999998 0.999997 0.999999 0.999999 0.999999 0.999999 0.999998 1 0.999999 0.999998 0.999998 1 1 0.999999 0.999999 1 0.999998 1 1 0.999999 0.999999 1 0.999998 0.999999 1 1 1 1 0.999997 1 0.999999 0.999998 1 1 1 1 0.999998 1 0.999999 0.999998 0.999997 0.999998 0.999997 0.999999 1 0.999998 1 1 0.999998 0.999999 1 0.999998 1 1 0.999998 0.999998 1 1 1 1 0.999997 1 0.999999 0.999999 1 0.999999 0.999999 1 1 0.999998 0.999998 1 0.999998 1 0.999999 1 1 1 1 0.999999 0.999999 1 0.999999 0.999999 0.999999 0.999999 0.999999 0.999998 1 1 0.999998 1 0.999998 0.999999 0.999999 1 0.999998 0.999998 0.999998 1 1 1 0.999999 0.999999 0.999998 1 0.999999 1 0.999999 0.999998 1 0.999999 1 0.999999 1 0.999999 1 1 0.999996 1 0.999998 0.999998 0.999999 0.999999 0.999999 1 0.999998 0.999999 0.999999 0.999998 1 0.999998 1 1 1 0.999998 0.999998 0.999997 0.999999 0.999999 0.999998 0.999997 0.999999 1 1 1 1 0.999999 1 1 1 1 1 1 0.999998 0.999998 1 0.999999 1 0.999998 1 1 0.999997 0.999999 0.999999 0.999999 1 0.999999 0.999996 1 0.999999 0.999998 0.999999 0.999998 1 0.999997 1 1 1 0.999999 0.999998 0.999999 0.999999 0.999999 1 0.999999 0.999999 1 1 0.999999 1 1 1 0.999998 0.999999 1 1 1 0.999998 0.999999 0.999999 0.999999 0.999999 0.999999 0.999999 0.999999 0.999999 1 0.999999 0.999998 0.999999 0.999999 1 0.999998 0.999999 0.999999 0.999998 1 0.999999 0.999999 1 1 0.999998 1 0.999999 1 1 1 0.999997 1 0.999998 0.999997 0.999999 1 1 1 1 0.999999 0.999999 0.999999 1 1 0.999998 1 1 1 1 0.999999 0.999997 0.999999 1 0.999999 0.999998 0.999999 1 0.999999 0.999998 1 1 0.999999 0.999997 0.999999 1 0.999998 1 1 0.999998 1 0.999998 1 0.999999 0.999998 0.999999 1 1 0.999998 1 0.999999 0.999999 0.999998 0.999999 1 1 1 1 1 1 0.999998 1 1 1 1 0.999999 0.999999 0.999997 0.999999 0.999999 1 0.999997 1 1 1 1 0.999998 0.999999 1 1 1 0.999998 1 0.999999 1 0.999997 0.999998 1 1 1 0.999998 1 1 1 0.999998 1 0.999997 1 0.999999 0.999998 0.999997 1 0.999999 0.999999 0.999999 1 1 1 0.999998 0.999999 1 1 1 0.999998 1 0.999999 1 0.999998 1 0.999997 0.999998 1 0.999998 0.999999 1 0.999998 1 0.999999 0.999998 0.999999 0.999997 0.999999 0.999999 0.999998 0.999997 0.999998 0.999999 0.999997 0.999999 1 1 1 1 1 0.999998 0.999999 1 0.999998 0.999998 1 0.999999 0.999999 0.999998 0.999998 0.999999 1 0.999998 1 0.999999 1 0.999999 0.999999 1 1 1 1 0.999998 0.999998 0.999999 0.999999 1 1 0.999998 1 1 0.999997 1 1 1 1 1 1 1 1 1 1 0.999998 0.999999 1 0.999997 1 1 1 0.999998 0.999998 1 0.999998 0.999998 1 1 0.999997 0.999998 0.999998 1 1 1 0.999997 0.999999 0.999999 1 1 1 1 0.999998 1 1 0.999999 1 1 1 1 0.999998 1 0.999999 0.999998 0.999998 0.999997 0.999997 1 0.999999 1 1 1 1 0.999998 0.999998 0.999999 0.999999 0.999997 0.999999 0.999999 0.999999 1 1 0.999998 1 0.999998 0.999997 1 0.999997 1 0.999998 0.999999 1 0.999998 0.999997 1 1 1 1 0.999999 0.999998 1 1 0.999998 0.999998 0.999999 1 1 0.999998 0.999998 1 0.999998 1 0.999998 0.999998 0.999999 0.999998 0.999999 1 0.999999 1 0.999999 1 0.999999 0.999997 0.999999 0.999997 0.999999 1 1 1 1 0.999999 0.999998 1 1 1 0.999998 1 1 0.999999 0.999999 0.999999 1 1 1 1 0.999998 1 1 1 0.999998 1 0.999999 1 0.999999 1 1 1 0.999999 0.999999 0.999997 1 1 0.999997 0.999998 1 0.999999 1 0.999997 1 1 1 0.999998 0.999999 1 0.999999 1 0.999998 0.999998 0.999998 1 0.999998 0.999997 1 0.999999 1 1 1 1 1 0.999998 0.999997 0.999997 0.999999 0.999999 0.999997 0.999997 1 0.999998 0.999998 0.999999 0.999999 1 0.999999 1 0.999999 1 1 0.999997 0.999998 1 1 0.999999 0.999998 0.999999 0.999999 0.999999 1 0.999998 0.999998 0.999998 0.999999 1 1 0.999998 1 1 0.999999 0.999999 1 0.999998 1 0.999997 0.999999 1 1 0.999998 0.999999 1 1 1 0.999999 1 0.999998 1 1 1 0.999998 1 1 1 1 1 1 1 0.999998 1 1 1 1 0.999999 1 0.999998 0.999998 0.999999 0.999998 0.999999 1 1 1 0.999999 0.999996 0.999999 0.999998 0.999999 0.999999 0.999999 0.999999 1 0.999998 0.999999 1 0.999999 1 0.999999 0.999998 0.999998 0.999999 0.999998 1 1 0.999999 0.999998 1 1 0.999999 0.999998 1 1 0.999999 1 1 1 1 1 1 0.999999 1 1 1 0.999998 0.999999 0.999999 0.999998 0.999999 1 1 0.999999 0.999999 1 0.999998 0.999999 0.999999 1 1 0.999997 0.999996 0.999999 1 1 1 0.999998 1 1 1 0.999998 1 1 1 1 1 1 0.999999 1 1 0.999999 1 0.999999 1 0.999998 1 1 0.999998 0.999998 1 0.999999 1 1 0.999998 1 0.999998 1 0.999998 1 1 1 0.999998 1 1 1 1 1 1 0.999999 1 1 0.999998 0.999999 1 0.999999 0.999999 0.999998 1 0.999998 1 0.999999 1 1 0.999998 1 0.999998 0.999998 0.999997 0.999998 0.999999 0.999999 0.999999 1 1 0.999997 1 0.999998 0.999998 0.999999 0.999999 0.999998 1 0.999999 1 0.999997 1 1 0.999998 0.999998 0.999998 0.999999 1 1 0.999999 0.999997 0.999998 1 0.999998 1 1 0.999999 1 0.999999 1 0.999998 1 0.999998 1 1 0.999998 1 1 0.999998 0.999999 1 1 0.999998 0.999999 1 0.999998 1 1 0.999999 0.999999 0.999999 0.999999 1 1 0.999999 0.999998 0.999998 1 0.999999 0.999999 0.999998 1 0.999998 1 0.999998 1 0.999998 1 0.999999 0.999998 0.999999 1 0.999998 1 0.999999 1 0.999999 1 1 1 0.999999 0.999998 1 0.999999 0.999997 1 1 0.999999 1 0.999999 1 0.999998 1 1 0.999998 1 1 0.999999 1 0.999999 1 0.999999 1 1 0.999999 1 1 1 0.999999 1 0.999999 0.999998 0.999999 1 0.999999 1 0.999998 1 0.999997 1 1 1 0.999998 1 0.999998 0.999999 0.999998 0.999999 0.999998 0.999999 0.999998 1 1 0.999999 1 0.999999 0.999998 0.999999 1 1 0.999998 0.999997 0.999998 0.999998 0.999999 1 0.999997 0.999998 1 1 1 1 0.999999 0.999999 1 1 1 1 1 1 1 1 0.999999 1 0.999999 1 1 0.999999 1 1 1 0.999998 1 0.999999 0.999998 0.999998 1 0.999999 1 1 1 1 0.999999 1 1 1 1 0.999999 0.999999 1 1 1 1 1 0.999999 0.999998 0.999999 1 0.999999 0.999999 0.999999 1 0.999997 0.999999 1 1 1 0.999999 1 1 0.999999 0.999998 1 0.999998 1 1 0.999999 1 0.999998 0.999997 0.999999 1 1 0.999999 1 1 1 1 1 0.999998 1 1 1 1 1 1 1 0.999999 0.999998 0.999998 1 1 1 0.999999 0.999999 1 0.999999 0.999997 0.999998 1 0.999999 1 0.999999 0.999996 1 1 1 0.999998 1 1 1 1 0.999999 1 0.999998 1 1 1 1 1 0.999999 0.999999 1 0.999999 1 1 1 1 0.999998 0.999998 0.999997 1 1 0.999998 1 1 0.999998 0.999999 0.999999 1 1 0.999999 0.999998 0.999999 1 0.999998 1 1 1 1 0.999997 1 1 0.999997 1 0.999999 1 1 0.999999 1 1 0.999999 1 1 0.999999 1 1 0.999998 0.999997 0.999999 0.999999 0.999999 1 1 1 1 1 0.999999 0.999998 0.999998 1 0.999997 1 0.999998 1 1 0.999999 0.999999 1 0.999999 1 0.999998 1 0.999998 1 0.999999 1 1 0.999999 0.999999 1 0.999998 0.999998 0.999998 1 0.999999 1 1 0.999999 1 1 0.999998 1 1 1 0.999999 1 1 1 0.999999 0.999999 0.999997 1 1 1 0.999999 1 1 1 1 1 0.999999 0.999999 1 0.999998 0.999999 1 1 0.999998 0.999999 1 1 1 1 0.999998 0.999998 0.999998 0.999999 1 0.999998 0.999999 0.999999 0.999999 1 0.999999 1 1 0.999999 0.999999 1 1 1 1 1 0.999999 1 1 0.999999 0.999999 0.999999 0.999999 0.999998 1 1 1 0.999999 1 1 0.999999 0.999999 0.999999 1 0.999999 1 1 1 1 0.999998 1 1 1 0.999998 1 0.999999 1 0.999999 1 0.999998 1 0.999999 0.999999 0.999999 1 0.999998 1 1 0.999999 0.999997 0.999998 0.999999 0.999998 1 0.999998 1 0.999998 0.999999 1 1 0.999998 0.999999 1 1 0.999998 0.999998 0.999999 0.999998 0.999999 0.999998 0.999999 0.999999 1 0.999999 1 0.999999 0.999997 1 1 1 1 0.999999 0.999998 1 1 1 1 1 1 0.999997 1 0.999999 1 1 0.999999 0.999999 0.999998 0.999997 1 1 0.999998 1 1 1 1 0.999999 0.999999 1 1 1 0.999998 1 0.999999 1 0.999997 1 1 0.999999 0.999998 0.999998 1 0.999999 0.999999 0.999999 1 0.999998 0.999998 1 1 0.999999 1 1 1 1 1 1 1 1 0.999999 0.999998 0.999998 0.999999 1 1 1 0.999999 0.999998 1 0.999999 0.999998 0.999998 1 0.999998 0.999999 0.999999 1 0.999998 0.999998 1 0.999998 0.999998 1 1 1 1 0.999999 1 1 1 0.999998 1 1 1 0.999999 0.999999 1 1 1 0.999999 0.999999 1 0.999999 0.999999 0.999998 1 0.999999 0.999999 0.999999 1 0.999998 1 0.999999 0.999998 0.999999 0.999998 0.999998 0.999998 0.999998 1 1 0.999999 0.999999 1 1 1 1 0.999998 1 1 0.999999 1 1 1 0.999999 1 0.999999 0.999998 1 0.999999 0.999998 0.999998 1 1 1 0.999999 1 0.999999 1 0.999999 0.999998 0.999999 1 0.999998 0.999999 1 0.999999 0.999998 1 1 1 1 1 1 0.999999 0.999999 0.999999 0.999998 0.999999 0.999998 0.999998 0.999998 1 0.999999 1 0.999999 1 0.999999 1 1 0.999998 1 0.999999 0.999999 1 1 0.999998 0.999998 1 1 1 1 1 1 0.999999 0.999999 1 0.999999 1 0.999999 0.999998 1 1 1 0.999998 0.999999 0.999999 0.999998 1 0.999998 1 1 1 1 1 1 0.999998 1 1 0.999997 0.999998 1 1 0.999999 1 1 0.999998 1 0.999998 1 1 1 1 1 1 1 0.999998 0.999999 1 0.999999 1 0.999996 1 1 0.999999 1 1 0.999999 0.999998 0.999998 1 0.999999 0.999999 1 1 1 1 1 0.999998 0.999999 1 1 0.999999 0.999999 1 1 0.999997 0.999999 1 1 1 1 0.999999 1 0.999999 1 1 0.999999 0.999998 0.999997 1 1 0.999999 0.999999 1 1 1 0.999999 1 1 0.999999 0.999998 0.999998 0.999997 1 1 1 1 1 1 0.999999 0.999999 1 1 1 1 0.999999 0.999998 0.999998 1 1 1 1 1 0.999997 1 1 1 0.999998 1 0.999998 1 1 1 1 1 1 1 1 0.999999 0.999999 0.999999 1 1 1 1 0.999998 1 0.999999 1 1 1 1 0.999998 1 0.999999 0.999999 0.999998 1 0.999998 0.999999 0.999998 0.999999 0.999999 0.999999 0.999999 0.999998 1 1 1 0.999999 1 1 1 0.999998 1 0.999999 1 1 0.999999 1 1 1 1 0.999998 1 0.999998 1 1 0.999998 0.999998 1 0.999998 0.999998 0.999999 1 0.999998 0.999998 0.999998 1 0.999997 0.999999 1 1 1 1 1 1 1 0.999999 0.999998 0.999998 1 1 0.999999 0.999998 0.999999 0.999999 0.999999 1 0.999998 1 1 0.999998 0.999998 0.999998 0.999998 0.999999 0.999999 1 0.999999 1 0.999999 0.999999 1 0.999999 0.999997 1 1 0.999998 1 0.999998 1 0.999999 1 0.999998 0.999997 0.999999 1 0.999999 1 1 0.999998 1 1 0.999999 0.999999 1 0.999999 1 1 1 0.999999 1 0.999998 0.999998 1 1 1 1 1 1 1 0.999998 1 1 1 0.999998 0.999997 0.999999 1 1 1 1 1 1 0.999999 1 1 0.999999 1 0.999998 1 0.999999 1 1 0.999998 1 0.999999 0.999998 0.999999 1 0.999999 0.999998 0.999999 0.999998 0.999999 1 0.999999 0.999999 1 1 1 1 0.999999 0.999998 0.999999 1 1 1 0.999999 1 1 0.999998 0.999998 1 1 0.999998 1 1 0.999998 1 1 1 0.999999 0.999999 0.999998 1 0.999999 1 1 1 0.999999 0.999999 0.999999 1 0.999999 1 0.999997 0.999999 0.999999 0.999999 1 0.999998 1 1 0.999998 1 0.999998 1 0.999999 0.999998 0.999999 0.999999 0.999998 1 1 1 0.999998 0.999998 1 1 1 1 0.999997 1 1 1 0.999998 0.999998 0.999998 1 1 0.999998 1 0.999997 0.999998 1 1 1 0.999998 0.999999 0.999999 1 1 1 1 0.999998 0.999998 1 1 0.999999 0.999998 1 0.999998 0.999998 0.999999 1 0.999999 1 1 1 0.999998 0.999999 0.999999 1 1 0.999997 1 1 0.999999 0.999999 0.999998 1 1 0.999998 0.999999 0.999998 1 0.999999 1 1 1 1 1 1 0.999998 1 1 1 0.999998 0.999999 1 1 0.999999 0.999998 1 0.999998 1 0.999999 1 1 0.999998 1 0.999997 0.999998 1 1 1 1 0.999998 1 0.999999 0.999998 1 0.999999 0.999999 0.999999 0.999999 1 0.999999 1 0.999999 1 1 0.999999 0.999997 1 0.999998 0.999999 1 1 1 0.999998 0.999999 1 1 0.999998 0.999998 1 0.999998 0.999999 0.999999 1 0.999999 0.999999 0.999998 1 1 1 0.999998 1 1 1 0.999997 1 1 1 0.999999 1 0.999998 0.999999 0.999999 0.999997 1 1 1 1 1 0.999999 0.999997 0.999999 1 1 0.999999 1 0.999998 1 0.999999 1 1 0.999997 1 0.999999 1 1 1 1 1 1 0.999998 1 1 0.999999 0.999997 0.999999 1 0.999998 0.999998 0.999998 0.999999 0.999998 0.999998 0.999999 0.999998 1 0.999998 0.999997 1 0.999999 1 0.999997 1 1 1 1 1 1 1 0.999999 1 0.999999 0.999998 1 0.999998 1 1 1 1 1 1 0.999998 1 1 0.999999 1 1 0.999998 1 0.999998 0.999997 1 1 1 0.999998 0.999999 0.999998 1 0.999998 0.999999 1 1 1 1 0.999998 0.999999 1 0.999999 1 0.999997 1 0.999997 1 1 0.999997 0.999999 0.999998 0.999997 1 0.999999 0.999999 0.999998 0.999998 1 0.999998 0.999999 1 0.999998 1 0.999999 0.999998 0.999999 0.999999 0.999999 1 0.999995 0.999999 0.999998 1 0.999999 1 1 1 0.999998 1 1 0.999999 1 0.999999 1 0.999998 0.999999 0.999998 0.999998 1 1 1 1 0.999998 0.999999 0.999999 0.999999 0.999999 0.999999 0.999998 0.999999 0.999999 0.999997 0.999998 0.999999 1 1 1 0.999999 0.999998 1 1 0.999999 1 1 1 0.999997 0.999999 1 1 0.999998 0.999998 0.999999 1 0.999999 0.999999 1 0.999999 1 0.999998 1 0.999998 0.999999 0.999999 1 0.999999 0.999999 1 1 0.999999 1 0.999998 0.999998 0.999999 1 0.999999 0.999999 1 1 0.999999 0.999999 0.999999 0.999999 1 0.999998 0.999998 1 1 0.999998 1 0.999999 0.999999 0.999999 1 1 0.999998 1 0.999998 0.999999 0.999999 1 0.999998 0.999999 0.999998 0.999999 0.999999 1 0.999997 0.999999 1 0.999997 0.999998 1 0.999997 1 0.999997 1 0.999998 1 0.999999 0.999999 1 1 0.999999 0.999998 1 0.999999 0.999999 0.999999 1 1 0.999999 0.999999 1 1 1 1 1 1 1 0.999999 0.999998 0.999999 1 1 1 1 1 0.999999 1 0.999999 0.999999 1 0.999998 0.999998 1 1 0.999997 1 0.999997 1 1 1 0.999999 1 0.999999 1 1 1 1 1 1 1 1 1 1 1 0.999998 0.999998 1 1 0.999999 0.999999 0.999998 0.999998 0.999999 0.999998 1 1 1 0.999997 1 0.999997 1 0.999998 0.999999 1 0.999999 1 0.999999 1 0.999999 0.999999 0.999998 0.999998 1 1 0.999999 1 1 0.999998 1 0.999997 0.999998 1 1 1 1 0.999998 1 0.999998 0.999998 0.999999 1 0.999999 1 0.999999 1 1 1 1 0.999998 1 1 1 1 0.999999 0.999999 1 0.999999 0.999998 0.999999 1 1 1 0.999999 0.999998 1 1 0.999997 1 1 0.999998 0.999999 1 0.999999 0.999998 1 1 0.999997 1 0.999998 1 1 1 1 1 1 1 1 1 1 1 1 1 0.999998 1 1 0.999999 1 1 1 0.999999 1 1 1 1 0.999999 1 0.999999 1 1 0.999998 1 1 1 1 0.999998 0.999999 1 1 0.999998 1 0.999999 1 0.999999 1 0.999997 0.999999 1 1 1 1 0.999998 1 1 1 1 0.999999 0.999999 0.999997 1 1 0.999998 0.999998 1 0.999999 0.999999 0.999997 1 0.999999 1 0.999997 0.999999 0.999997 1 1 0.999999 0.999997 1 1 1 0.999999 1 1 0.999999 0.999998 1 1 1 0.999997 0.999999 0.999999 0.999998 0.999999 1 0.999997 0.999999 1 0.999999 0.999999 1 1 0.999999 0.999997 0.999999 0.999999 1 1 0.999999 0.999998 0.999998 0.999999 0.999999 0.999998 1 1 0.999998 1 1 1 0.999999 0.999999 0.999997 1 0.999998 0.999998 1 0.999999 1 1 1 1 0.999999 1 1 0.999998 0.999998 1 1 1 0.999999 1 0.999998 0.999998 0.999999 1 0.999999 0.999999 1 0.999997 1 0.999999 0.999997 1 1 0.999999 1 0.999998 0.999998 1 1 1 0.999997 0.999998 0.999998 1 1 1 1 1 0.999999 1 0.999999 1 1 1 0.999999 1 1 0.999999 0.999999 0.999999 1 0.999999 0.999999 1 0.999998 1 1 1 0.999998 1 1 1 0.999998 0.999999 1 1 0.999998 1 0.999997 1 1 1 0.999999 1 1 0.999998 0.999999 0.999999 0.999998 1 1 0.999998 1 0.999998 1 1 1 0.999999 0.999998 1 0.999999 1 0.999997 0.999999 0.999998 1 1 1 1 1 1 1 0.999999 0.999998 1 1 1 1 0.999998 0.999998 0.999998 1 1 1 1 0.999998 0.999997 1 0.999999 0.999998 1 1 1 1 0.999998 1 1 1 0.999999 0.999998 0.999999 1 1 1 1 1 0.999999 1 0.999999 1 0.999999 0.999999 0.999999 0.999998 0.999999 1 0.999998 1 0.999997 0.999997 1 1 1 1 0.999999 0.999997 0.999999 1 1 1 0.999999 0.999999 0.999999 1 1 1 1 1 0.999999 1 0.999999 0.999999 0.999999 1 1 1 1 1 0.999998 1 0.999999 0.999998 0.999998 0.999999 1 0.999999 0.999998 0.999998 0.999999 1 0.999998 1 0.999999 1 1 1 1 1 1 0.999998 1 1 0.999998 1 0.999999 0.999998 0.999998 0.999999 0.999999 0.999999 0.999998 1 0.999998 1 0.999999 1 0.999996 1 1 1 0.999998 1 1 1 0.999997 0.999999 1 1 1 0.999997 1 0.999998 0.999999 1 1 0.999999 0.999997 0.999998 0.999998 1 0.999999 1 1 1 0.999999 1 1 1 1 0.999999 0.999998 1 1 1 0.999999 1 1 0.999997 1 1 1 0.999997 0.999999 1 0.999998 0.999998 0.999998 1 0.999999 1 1 0.999998 1 0.999997 1 0.999997 1 0.999999 0.999999 1 1 0.999999 0.999999 0.999999 1 1 0.999997 1 0.999999 1 0.999996 0.999997 0.999999 0.999999 1 1 0.999999 1 1 1 1 0.999999 1 0.999998 1 0.999998 0.999999 1 1 0.999998 0.999997 0.999999 1 1 0.999999 1 1 1 0.999999 1 1 0.999999 1 0.999999 1 1 1 1 0.999998 1 0.999999 0.999999 1 0.999997 0.999999 0.999998 0.999997 1 0.999998 0.999999 0.999999 1 0.999998 1 1 0.999997 1 1 1 0.999999 0.999997 0.999999 0.999998 1 0.999999 0.999998 0.999998 0.999999 0.999999 1 0.999999 1 0.999998 0.999998 1 0.999999 0.999999 0.999998 0.999999 0.999999 0.999997 1 1 0.999999 1 1 0.999999 1 0.999999 1 1 0.999998 1 0.999999 0.999999 1 1 0.999998 0.999999 1 1 0.999999 0.999999 1 1 0.999999 1 1 1 1 1 1 0.999999 1 1 0.999999 0.999999 0.999999 1 0.999997 1 1 1 0.999998 1 1 1 1 0.999999 0.999999 1 1 0.999999 0.999999 0.999998 0.999999 0.999998 0.999998 1 1 1 0.999999 0.999999 1 1 0.999999 1 1 0.999998 0.999999 1 0.999999 0.999999 1 0.999998 0.999999 1 0.999999 0.999999 1 1 0.999998 0.999999 1 1 1 1 1 0.999999 1 1 0.999999 0.999998 0.999998 1 1 1 1 0.999998 1 1 1 1 1 0.999997 0.999998 0.999999 0.999998 0.999998 0.999999 1 0.999998 0.999998 1 0.999999 0.999998 0.999999 1 1 0.999998 1 1 1 0.999998 1 0.999998 1 0.999997 1 1 1 0.999999 1 0.999998 0.999999 0.999999 1 0.999998 0.999998 1 1 0.999999 1 1 1 0.999999 1 0.999998 1 1 1 0.999999 1 0.999998 0.999999 1 0.999999 0.999999 1 0.999999 1 0.999998 0.999998 1 1 1 1 1 0.999999 0.999999 1 0.999999 1 0.999999 1 1 0.999998 0.999999 1 0.999999 0.999998 0.999997 1 0.999997 0.999999 1 1 1 0.999998 1 0.999999 1 1 1 1 1 1 1 1 1 1 0.999998 0.999998 1 1 0.999999 1 0.999999 1 1 0.999998 0.999998 1 0.999998 0.999998 1 1 0.999998 0.999999 0.999998 1 1 1 1 0.999998 1 0.999998 0.999998 0.999998 0.999999 1 1 0.999999 0.999999 1 0.999999 0.999998 1 0.999999 0.999998 0.999999 0.999998 1 1 1 1 1 1 1 0.999999 1 0.999999 0.999998 0.999999 0.999999 0.999999 0.999999 1 1 0.999999 0.999999 1 0.999999 0.999997 0.999998 0.999998 1 1 0.999999 0.999998 0.999998 1 0.999999 0.999999 1 0.999999 1 1 1 1 0.999999 0.999998 0.999998 0.999998 1 1 1 1 0.999999 0.999999 0.999999 0.999999 0.999998 1 0.999997 1 1 1 1 0.999998 0.999998 1 1 0.999998 0.999999 1 0.999999 1 0.999999 1 1 1 0.999998 1 0.999998 0.999999 1 1 1 0.999998 1 1 0.999999 0.999999 1 1 0.999999 0.999999 1 0.999998 0.999999 0.999999 1 1 0.999997 0.999999 1 0.999999 1 0.999999 0.999999 1 1 1 0.999999 1 1 0.999996 0.999998 0.999999 0.999999 1 1 0.999997 0.999998 0.999999 0.999999 0.999998 1 0.999999 0.999999 0.999999 0.999998 1 0.999999 1 0.999998 0.999999 0.999998 1 1 1 1 1 1 1 1 1 1 1 1 1 0.999998 1 0.999999 0.999999 0.999999 1 0.999998 1 1 0.999999 0.999998 0.999998 0.999999 1 1 1 0.999998 1 1 0.999999 0.999999 0.999999 1 0.999999 1 0.999997 1 0.999999 0.999999 1 1 0.999999 0.999998 0.999999 1 0.999999 0.999998 1 0.999998 1 0.999999 0.999999 0.999998 0.999999 1 1 0.999998 0.999998 0.999999 0.999999 0.999999 0.999999 1 0.999999 0.999999 0.999998 1 0.999999 0.999999 1 1 1 0.999999 0.999998 1 1 0.999998 1 0.999999 1 1 0.999999 0.999998 0.999999 0.999999 1 0.999998 0.999998 1 1 1 0.999999 0.999998 1 1 1 1 0.999999 0.999999 0.999999 0.999999 1 0.999999 0.999999 0.999999 1 0.999999 1 1 1 1 1 0.999999 0.999998 0.999998 0.999999 0.999999 0.999998 0.999998 1 0.999999 1 1 1 0.999998 0.999997 1 0.999997 1 1 0.999999 1 0.999998 1 0.999999 1 0.999998 1 0.999998 1 0.999998 0.999998 0.999999 1 1 0.999999 0.999999 1 0.999998 0.999999 1 1 0.999998 0.999999 0.999997 1 1 0.999999 0.999999 0.999999 1 1 1 0.999999 0.999998 1 1 0.999999 0.999999 0.999998 0.999999 1 1 0.999999 0.999998 0.999998 0.999999 1 0.999999 0.999998 1 1 1 0.999998 1 1 0.999997 1 0.999998 1 1 1 1 0.999998 1 0.999999 1 0.999999 1 0.999999 1 1 1 0.999998 1 0.999998 0.999999 1 0.999999 1 1 0.999998 1 1 1 1 1 1 0.999999 1 0.999999 1 0.999998 1 0.999998 0.999999 1 1 0.999999 0.999998 0.999998 0.999998 0.999997 0.999999 1 1 1 1 1 1 0.999999 0.999998 0.999999 1 1 0.999999 1 1 0.999998 1 0.999998 0.999997 1 0.999999 0.999999 0.999999 0.999999 0.999999 1 1 0.999998 0.999998 1 1 0.999999 0.999999 1 0.999998 1 0.999999 0.999999 1 0.999999 0.999998 1 1 1 1 1 0.999999 1 0.999998 1 0.999999 0.999998 1 0.999999 1 1 1 1 1 0.999998 1 1 1 1 1 1 0.999998 0.999999 1 1 1 0.999999 0.999997 0.999999 1 1 1 1 1 1 0.999998 1 1 1 0.999998 0.999999 0.999999 0.999999 1 1 1 0.999998 1 0.999999 0.999998 1 1 1 1 1 1 1 0.999998 0.999998 1 1 0.999999 1 1 1 0.999999 1 0.999997 1 0.999998 0.999998 1 1 1 0.999999 0.999998 1 1 1 1 0.999998 0.999999 1 0.999999 1 0.999998 1 1 1 0.999999 0.999998 0.999999 1 0.999999 0.999998 0.999997 1 0.999998 1 1 1 1 0.999998 0.999998 0.999999 0.999999 0.999998 0.999999 1 1 0.999997 0.999999 0.999999 0.999999 1 1 0.999999 0.999999 0.999998 0.999999 0.999999 1 1 0.999999 0.999998 0.999998 1 1 1 0.999998 1 1 0.999998 1 0.999999 1 1 0.999998 1 1 1 1 0.999998 0.999999 0.999998 1 0.999999 1 1 0.999999 0.999998 0.999999 1 1 1 0.999999 1 1 0.999998 0.999998 0.999999 1 1 1 1 1 1 0.999999 1 0.999998 0.999998 1 0.999998 1 1 1 1 0.999997 0.999998 1 0.999999 0.999999 0.999999 0.999998 1 1 1 0.999999 0.999998 0.999999 1 0.999999 1 0.999999 1 1 1 1 1 1 1 1 0.999998 0.999999 0.999999 0.999999 0.999998 1 0.999999 0.999998 1 0.999997 1 1 1 0.999999 1 1 0.999998 0.999999 1 1 1 0.999998 1 0.999999 0.999999 1 1 0.999998 1 0.999999 0.999999 1 0.999999 0.999999 0.999999 0.999998 0.999997 1 0.999998 1 1 0.999999 1 1 0.999999 1 1 0.999999 1 1 0.999999 1 1 0.999998 1 1 1 1 0.999999 0.999999 0.999998 1 0.999999 0.999998 0.999999 0.999999 0.999999 0.999999 0.999999 0.999998 1 1 0.999998 0.999998 0.999996 1 1 0.999996 1 1 0.999999 0.999998 0.999997 1 1 0.999999 1 0.999999 1 0.999998 1 0.999999 0.999999 1 0.999998 0.999997 1 0.999999 0.999998 0.999999 0.999997 0.999999 1 1 0.999998 0.999999 0.999998 0.999999 1 0.999999 0.999999 0.999999 1 0.999998 0.999998 0.999999 1 0.999998 1 1 1 0.999999 0.999999 0.999998 0.999999 0.999999 0.999999 1 0.999998 0.999999 1 1 1 0.999998 0.999999 0.999998 1 0.999998 1 1 0.999999 1 0.999999 0.999998 1 0.999998 0.999999 1 1 1 0.999999 1 1 1 1 0.999998 1 1 0.999998 1 0.999999 0.999998 1 0.999999 0.999999 0.999999 0.999998 1 1 1 1 1 0.999998 1 1 1 1 0.999999 0.999999 1 0.999997 1 1 0.999999 0.999998 0.999998 1 0.999997 0.999999 1 1 1 0.999999 1 0.999999 1 1 1 1 0.999998 0.999998 0.999998 1 0.999999 1 0.999998 0.999997 0.999998 1 0.999999 0.999999 1 0.999999 1 0.999999 1 0.999998 0.999996 0.999999 0.999998 1 1 1 0.999998 0.999999 1 0.999998 0.999998 1 1 1 0.999998 1 1 0.999999 0.999995 0.999997 1 0.999998 1 0.999998 1 1 1 0.999999 0.999997 1 1 1 1 1 0.999999 1 1 0.999998 1 0.999999 0.999999 1 0.999999 0.999998 1 1 1 0.999997 0.999998 1 1 0.999999 1 0.999998 1 1 1 1 1 1 0.999999 0.999999 1 1 1 0.999999 0.999999 1 1 0.999998 1 0.999999 1 0.999996 0.999999 0.999999 1 1 0.999999 0.999998 0.999999 0.999997 0.999999 0.999999 0.999998 0.999998 0.999998 0.999997 0.999996 0.999999 1 1 1 0.999999 1 1 1 1 0.999999 1 0.999999 1 1 1 1 0.999999 0.999999 1 0.999999 1 0.999998 0.999999 1 0.999998 1 0.999999 1 0.999999 1 1 0.999998 0.999999 0.999999 1 0.999998 1 0.999999 0.999998 1 0.999998 1 1 1 0.999999 0.999999 1 1 1 0.999999 1 0.999999 0.999999 1 1 1 0.999999 1 0.999998 0.999998 1 1 1 1 0.999999 0.999999 1 0.999998 1 1 0.999998 0.999997 0.999999 0.999999 1 0.999998 1 1 0.999999 0.999999 1 1 1 1 1 0.999999 0.999997 1 0.999998 0.999998 0.999999 0.999999 0.999999 1 1 1 0.999999 0.999999 0.999996 1 0.999999 1 0.999997 0.999999 1 1 1 0.999997 1 0.999997 1 0.999997 1 0.999996 0.999997 0.999998 0.999998 1 0.999997 0.999999 0.999997 0.999999 0.999999 1 0.999999 1 0.999999 1 0.999999 0.999999 0.999998 0.999999 1 0.999999 1 1 0.999998 1 0.999999 1 0.999999 1 0.999998 0.999998 0.999999 1 1 0.999998 1 1 1 1 1 1 1 1 1 1 1 1 0.999998 0.999999 0.999999 1 1 1 1 1 0.999998 0.999997 1 1 1 1 0.999998 0.999999 1 1 1 1 0.999998 0.999999 1 1 1 0.999999 0.999998 0.999997 1 0.999999 1 1 0.999998 0.999999 0.999999 1 1 1 0.999998 0.999999 1 1 1 1 1 0.999998 1 0.999999 1 1 1 0.999999 0.999998 0.999998 0.999999 0.999999 1 1 1 0.999999 1 0.999999 1 0.999999 1 0.999997 1 1 1 0.999997 1 1 1 1 0.999997 0.999999 1 0.999998 1 0.999997 0.999999 1 1 1 1 1 0.999998 0.999999 1 0.999999 1 1 0.999998 1 0.999999 1 0.999999 0.999998 0.999998 1 0.999997 0.999999 0.999998 1 1 1 0.999999 1 1 1 1 1 0.999998 1 1 0.999999 0.999999 0.999999 1 1 0.999998 0.999998 1 0.999997 1 0.999999 0.999998 1 0.999999 1 0.999999 0.999998 1 1 0.999997 1 1 0.999997 0.999998 1 0.999998 1 1 1 0.999998 0.999999 0.999998 0.999997 1 1 0.999999 0.999999 0.999999 0.999997 0.999998 0.999999 0.999999 0.999999 0.999999 0.999999 0.999999 1 1 0.999999 0.999998 1 1 0.999998 0.999998 1 0.999998 1 1 1 1 1 0.999999 1 0.999999 0.999998 1 0.999998 1 0.999998 0.999998 0.999999 0.999998 0.999998 1 1 1 0.999999 0.999999 1 1 0.999999 0.999998 0.999999 1 0.999998 0.999998 0.999998 1 0.999998 1 1 1 1 0.999998 0.999998 0.999999 0.999998 0.999999 1 0.999998 1 1 0.999999 1 0.999999 0.999999 0.999998 0.999999 0.999999 0.999998 1 1 0.999999 0.999997 1 0.999998 1 0.999999 1 1 1 0.999998 0.999999 1 1 0.999998 1 1 1 1 1 0.999999 0.999999 0.999999 0.999998 0.999998 1 1 0.999998 0.999998 1 1 0.999998 1 1 0.999999 1 1 1 1 0.999999 0.999997 1 0.999999 0.999999 1 0.999999 1 1 0.999999 0.999999 1 1 0.999998 0.999998 0.999999 0.999999 0.999997 1 0.999999 0.999999 1 1 1 0.999999 0.999999 1 0.999999 1 0.999997 0.999998 1 0.999998 0.999998 0.999997 1 0.999999 1 1 1 1 0.999999 0.999998 1 0.999999 0.999997 1 0.999997 0.999999 0.999999 0.999999 0.999998 0.999999 1 0.999999 1 1 1 0.999998 1 0.999999 1 1 1 1 0.999998 0.999999 1 0.999998 1 0.999999 1 1 1 0.999999 0.999999 0.999999 0.999998 0.999998 1 1 1 0.999999 1 0.999997 1 0.999999 0.999999 1 1 1 0.999999 0.999998 0.999999 0.999999 0.999999 0.999999 1 1 1 1 1 0.999999 0.999998 0.999999 1 1 0.999998 1 1 0.999999 0.999999 0.999998 1 0.999999 1 1 0.999998 1 1 0.999999 0.999998 1 0.999999 1 1 0.999997 0.999999 0.999999 1 1 1 1 0.999997 0.999999 0.999998 1 1 0.999998 0.999999 1 0.999999 1 1 0.999998 1 0.999999 1 0.999999 0.999998 0.999996 0.999998 1 0.999999 1 1 0.999998 0.999998 1 0.999999 0.999998 1 1 0.999999 1 1 0.999999 1 0.999998 1 0.999999 0.999998 1 1 1 0.999999 0.999999 1 0.999999 0.999999 0.999998 1 0.999998 1 1 0.999998 0.999999 0.999997 0.999998 0.999999 1 1 1 1 0.999997 0.999998 1 1 1 1 1 0.999997 1 1 1 1 1 1 0.999998 0.999998 1 0.999999 0.999996 1 0.999999 0.999998 0.999999 1 0.999999 1 1 1 1 0.999997 0.999998 1 1 1 1 0.999999 1 1 0.999998 0.999998 1 1 1 0.999999 1 1 1 1 1 1 0.999998 0.999999 1 1 1 0.999999 1 1 1 1 1 1 0.999998 0.999998 0.999998 0.999999 0.999999 0.999999 0.999999 0.999999 1 1 1 0.999998 0.999999 0.999998 1 0.999999 1 0.999998 0.999997 0.999999 0.999998 1 0.999999 1 0.999997 1 1 0.999998 1 1 0.999999 1 1 1 1 1 1 1 0.999998 1 0.999998 1 1 0.999998 1 0.999999 0.999999 0.999999 0.999997 0.999997 0.999999 0.999999 0.999998 0.999999 0.999998 0.999998 0.999998 1 0.999999 1 1 1 0.999999 0.999999 1 0.999998 0.999998 0.999998 1 1 1 0.999999 0.999999 1 0.999999 0.999999 0.999999 0.999999 1 0.999999 1 0.999999 1 1 0.999998 0.999998 0.999999 0.999997 1 0.999999 0.999998 1 1 1 0.999999 1 1 1 1 0.999997 0.999998 1 1 0.999998 0.999998 1 0.999998 1 1 1 0.999998 0.999999 0.999998 1 0.999999 1 0.999997 1 1 1 0.999999 0.999999 0.999997 0.999999 1 0.999999 0.999997 0.999999 1 1 0.999998 1 0.999999 0.999999 0.999999 1 0.999999 0.999997 0.999998 1 0.999997 0.999998 0.999999 0.999997 1 1 0.999999 1 0.999998 1 1 1 1 1 0.999999 1 1 1 1 1 1 1 1 1 0.999999 1 0.999999 1 1 0.999998 1 0.999999 0.999998 0.999999 0.999999 0.999999 0.999998 0.999999 0.999999 1 0.999999 0.999998 1 0.999998 1 1 1 1 0.999997 0.999998 0.999999 1 0.999999 1 0.999998 1 0.999997 1 0.999999 0.999998 0.999998 0.999997 1 0.999998 0.999999 1 0.999999 0.999999 1 1 0.999998 1 1 0.999998 0.999997 1 0.999997 1 0.999999 0.999999 0.999999 1 0.999998 0.999999 1 1 0.999999 0.999998 0.999999 1 1 1 0.999998 1 1 0.999998 0.999998 0.999997 1 0.999998 0.999999 1 1 1 1 1 1 0.999998 1 1 0.999999 1 1 1 0.999999 1 1 1 1 0.999999 1 1 0.999999 0.999999 0.999999 1 0.999999 0.999999 0.999998 1 0.999998 0.999998 0.999998 1 1 0.999998 0.999999 1 1 0.999999 0.999998 0.999999 0.999997 1 1 0.999998 1 0.999998 0.999998 1 1 1 0.999999 0.999998 1 1 1 0.999999 0.999999 0.999999 1 1 1 1 0.999997 1 0.999998 0.999998 0.999997 0.999998 1 1 0.999999 0.999999 1 1 1 0.999998 1 1 1 1 0.999999 0.999999 0.999996 0.999998 1 1 0.999997 1 1 1 1 1 1 1 1 0.999999 1 0.999998 1 1 1 0.999999 1 1 1 1 0.999998 1 1 0.999998 1 1 0.999998 0.999999 1 0.999999 0.999998 0.999998 0.999999 1 0.999999 0.999998 0.999997 0.999999 0.999998 0.999999 0.999997 0.999997 0.999999 1 0.999997 1 0.999999 1 1 0.999999 0.999999 0.999998 0.999998 1 0.999998 0.999999 0.999999 1 0.999999 1 1 1 0.999999 0.999999 0.999998 0.999998 0.999998 0.999998 1 1 0.999999 0.999998 0.999999 1 0.999998 0.999999 1 0.999996 1 0.999998 1 1 1 0.999999 1 0.999998 1 1 1 0.999999 0.999998 1 1 0.999999 1 1 0.999999 1 0.999998 1 0.999998 1 0.999999 1 0.999998 0.999998 1 0.999999 0.999999 1 0.999998 0.999998 0.999999 1 1 0.999998 1 1 1 0.999998 1 1 0.999998 0.999999 1 1 0.999998 0.999999 1 0.999998 1 1 0.999997 1 1 1 1 0.999998 0.999999 0.999998 1 0.999999 0.999999 1 1 1 1 1 0.999999 0.999999 0.999998 1 0.999999 1 1 1 0.999998 0.999998 0.999998 0.999998 1 0.999998 1 0.999998 0.999999 1 0.999999 1 1 0.999998 0.999999 1 0.999998 1 1 0.999997 1 1 0.999999 0.999998 1 1 1 0.999999 1 0.999999 0.999997 1 1 1 0.999997 1 0.999999 0.999997 0.999999 1 0.999999 1 1 0.999997 0.999999 1 0.999999 0.999998 0.999999 0.999999 1 0.999999 0.999999 1 0.999998 1 0.999998 1 1 0.999999 1 0.999999 0.999998 1 1 1 0.999997 0.999998 1 0.999999 0.999999 1 1 0.999997 1 1 0.999999 1 0.999998 0.999998 1 0.999997 1 1 0.999999 0.999998 0.999999 0.999999 1 0.999999 1 0.999998 0.999998 0.999999 0.999998 0.999998 0.999997 1 0.999999 0.999999 1 0.999999 1 1 0.999998 1 0.999999 0.999998 0.999999 1 0.999999 1 0.999999 1 0.999998 1 0.999999 0.999998 0.999998 0.999999 1 1 0.999998 0.999999 1 1 0.999998 1 0.999999 0.999998 1 1 1 0.999999 1 1 0.999999 1 0.999998 1 1 0.999999 1 1 1 1 1 0.999999 0.999997 0.999996 1 1 1 1 1 0.999998 0.999998 1 0.999999 1 1 1 1 1 1 0.999998 1 1 1 0.999999 1 0.999998 1 1 0.999998 0.999998 0.999999 0.999999 0.999999 0.999999 0.999999 0.999999 1 0.999998 0.999999 0.999999 0.999998 1 1 0.999999 1 1 0.999997 1 0.999999 1 1 0.999999 1 1 0.999998 1 1 1 1 1 0.999999 1 0.999999 1 1 1 0.999998 0.999999 1 0.999998 1 0.999999 1 0.999998 0.999999 1 0.999998 0.999999 0.999999 1 1 0.999999 1 0.999998 0.999999 1 0.999999 1 0.999999 1 1 1 1 1 0.999998 1 1 1 1 1 0.999999 1 1 1 0.999998 0.999998 1 1 1 0.999999 1 1 0.999997 1 1 0.999998 0.999999 0.999998 1 0.999999 0.999999 0.999998 1 1 0.999998 1 0.999999 0.999998 0.999999 1 0.999998 0.999999 0.999999 0.999998 1 1 1 0.999999 0.999998 1 1 1 1 0.999999 0.999998 1 1 1 1 1 1 1 1 1 1 0.999999 0.999998 1 0.999999 0.999997 1 0.999998 1 0.999998 1 1 1 0.999999 0.999997 0.999998 1 0.999999 0.999999 0.999997 0.999998 0.999998 1 1 1 1 1 1 0.999998 1 0.999999 1 0.999998 1 1 1 0.999999 1 0.999999 0.999999 0.999998 1 1 1 0.999999 0.999997 0.999997 1 0.999997 0.999999 0.999998 1 1 0.999999 1 0.999999 1 1 1 1 1 0.999999 0.999997 0.999999 1 0.999998 1 0.999999 1 1 1 1 1 1 0.999999 0.999998 0.999999 1 1 1 1 1 1 1 0.999999 0.999998 0.999998 1 0.999998 1 0.999999 1 1 1 1 1 0.999999 0.999998 1 0.999999 0.999998 1 1 1 0.999998 1 0.999998 1 0.999999 1 1 0.999998 0.999998 0.999998 1 0.999999 1 0.999999 0.999998 0.999998 0.999998 1 0.999998 0.999998 0.999999 0.999999 0.999998 0.999999 1 1 1 0.999999 0.999998 0.999999 0.999998 0.999998 0.999998 0.999999 1 1 1 0.999999 1 0.999998 1 0.999998 0.999998 0.999999 0.999999 0.999999 1 1 0.999999 1 0.999997 1 1 0.999999 0.999998 1 0.999999 1 0.999997 1 1 1 1 0.999999 1 1 1 0.999999 0.999999 0.999998 0.999999 0.999998 0.999998 1 1 0.999999 0.999999 0.999997 1 0.999999 1 0.999998 1 1 0.999999 0.999998 1 1 1 0.999998 1 0.999998 1 0.999999 1 1 0.999999 0.999997 1 1 1 0.999998 0.999999 1 0.999999 0.999998 0.999998 0.999999 0.999998 1 0.999997 0.999999 0.999999 1 0.999998 0.999998 0.999997 1 0.999999 1 0.999999 0.999998 0.999999 0.999998 1 1 0.999999 0.999999 0.999999 0.999998 0.999999 1 1 1 0.999998 1 0.999999 0.999999 1 1 0.999998 0.999999 0.999999 1 1 1 1 1 0.999998 1 0.999999 1 0.999998 0.999999 1 0.999999 1 1 1 0.999998 0.999999 1 0.999998 0.999997 0.999998 1 1 1 0.999998 1 1 1 1 1 0.999999 0.999999 1 1 0.999998 1 0.999998 0.999998 0.999999 1 0.999999 0.999998 1 1 0.999999 0.999998 0.999997 0.999999 0.999999 1 0.999997 0.999998 0.999999 0.999998 1 0.999998 0.999998 0.999999 1 1 1 0.999997 1 1 0.999999 1 0.999999 1 1 1 0.999998 0.999998 0.999998 1 1 1 0.999999 1 1 0.999999 0.999998 1 0.999999 0.999998 1 1 1 1 1 0.999998 0.999998 0.999999 1 0.999998 1 1 0.999998 0.999997 1 1 0.999999 1 1 0.999998 0.999999 1 0.999998 0.999998 1 0.999999 0.999999 0.999997 0.999999 1 1 1 1 1 1 0.999998 0.999998 1 1 0.999999 1 0.999998 0.999999 1 1 0.999999 1 0.999998 1 0.999999 0.999996 1 1 0.999998 1 0.999998 0.999998 0.999999 0.999999 0.999999 1 0.999999 1 1 1 1 1 1 0.999999 1 1 1 0.999999 1 1 1 1 0.999998 1 0.999998 1 1 1 1 0.999998 1 1 1 1 0.999998 1 0.999998 0.999999 0.999997 1 0.999999 1 0.999999 0.999998 1 1 0.999999 1 0.999999 1 1 0.999999 1 0.999998 1 0.999998 0.999999 1 1 0.999997 1 1 1 1 0.999999 1 1 0.999998 1 0.999999 0.999998 1 1 0.999999 0.999998 0.999999 1 0.999999 1 0.999999 1 0.999998 0.999999 0.999999 0.999998 1 0.999999 1 1 0.999999 1 1 0.999999 0.999998 0.999998 0.999996 1 1 1 1 0.999997 0.999999 1 1 0.999997 0.999999 0.999998 1 0.999998 0.999999 1 1 0.999999 1 1 1 1 1 0.999998 1 1 1 1 0.999998 0.999998 1 1 1 1 0.999999 1 0.999998 1 0.999997 0.999999 0.999998 0.999998 0.999998 0.999999 1 0.999998 0.999998 0.999998 1 0.999998 1 1 0.999998 0.999999 0.999999 1 1 0.999998 1 0.999999 1 0.999999 0.999999 0.999998 0.999998 1 1 1 1 0.999999 0.999999 0.999999 0.999998 1 1 1 1 1 0.999998 1 0.999998 0.999998 1 0.999998 1 1 0.999999 0.999999 0.999999 0.999999 1 0.999998 1 0.999998 1 1 0.999999 0.999999 1 1 0.999999 1 1 0.999999 1 0.999999 0.999999 1 1 0.999999 1 0.999997 0.999999 1 0.999998 0.999999 1 0.999999 0.999999 1 1 0.999999 1 1 0.999998 1 1 0.999998 1 1 1 1 0.999999 0.999999 0.999998 0.999998 0.999999 1 1 1 0.999998 0.999999 0.999999 1 1 1 1 0.999999 0.999999 0.999998 1 0.999998 1 1 1 1 0.999999 1 1 0.999997 0.999998 0.999997 0.999998 0.999998 0.999999 0.999998 1 1 1 0.999999 0.999998 0.999999 0.999999 0.999998 0.999999 1 0.999999 1 1 0.999999 0.999999 1 0.999999 0.999999 0.999998 0.999999 0.999998 1 0.999999 1 0.999997 0.999998 1 0.999998 1 1 0.999999 1 0.999999 0.999998 0.999999 0.999998 1 0.999999 0.999998 1 0.999999 0.999998 1 0.999997 0.999999 1 1 1 0.999999 1 1 1 1 0.999998 0.999996 1 1 0.999999 0.999999 1 1 1 0.999999 1 1 0.999998 1 1 0.999998 1 0.999998 1 0.999998 1 1 1 1 1 1 0.999999 1 1 0.999998 0.999998 1 0.999998 1 1 0.999998 0.999998 0.999998 1 1 0.999999 0.999999 0.999998 1 0.999999 0.999999 0.999998 0.999998 1 1 1 1 0.999998 1 1 1 1 1 0.999999 1 0.999996 0.999998 0.999998 1 1 0.999998 1 0.999997 1 0.999999 1 1 1 0.999998 1 1 0.999997 1 0.999999 0.999999 0.999997 1 0.999999 1 0.999998 0.999999 0.999999 1 1 0.999999 0.999997 0.999998 1 0.999999 1 0.999999 0.999998 1 1 0.999999 0.999998 0.999998 1 1 1 0.999998 1 1 0.999999 1 1 0.999998 1 1 1 1 0.999999 1 0.999999 1 0.999999 0.999999 1 0.999998 0.999999 0.999999 1 0.999998 0.999999 0.999998 1 0.999996 0.999999 0.999998 1 1 0.999999 1 0.999999 1 0.999999 1 0.999998 1 0.999998 1 0.999997 1 1 1 0.999999 1 1 1 1 0.999999 1 1 1 0.999997 1 0.999998 0.999997 0.999999 1 0.999999 0.999999 0.999999 0.999999 0.999998 1 0.999999 1 0.999999 1 0.999998 0.999998 0.999997 0.999999 1 1 1 1 0.999998 0.999998 1 0.999999 1 0.999999 1 0.999998 1 1 0.999999 0.999999 0.999998 1 0.999998 1 0.999998 0.999998 1 1 0.999999 0.999998 1 1 1 0.999999 0.999998 0.999999 1 1 0.999997 1 1 0.999999 0.999997 0.999998 1 0.999998 1 0.999998 1 0.999998 1 0.999999 0.999998 1 1 1 1 0.999998 1 0.999999 0.999997 1 1 0.999999 0.999999 1 1 0.999999 1 0.999999 0.999998 1 0.999999 1 1 0.999999 1 0.999999 0.999998 0.999998 1 1 1 1 0.999997 1 1 0.999998 1 1 1 0.999999 1 0.999999 0.999998 1 1 0.999997 0.999998 1 0.999999 1 1 0.999999 0.999999 1 1 0.999999 1 0.999998 1 1 1 0.999999 1 1 1 1 1 0.999999 1 0.999998 0.999999 0.999999 1 0.999998 0.999999 1 0.999999 1 0.999999 0.999999 0.999998 0.999999 1 1 0.999999 1 1 1 1 0.999999 1 0.999999 0.999999 1 1 1 1 0.999999 0.999999 0.999998 0.999997 0.999999 1 1 1 1 1 0.999999 1 1 0.999998 1 1 1 1 1 0.999998 1 0.999998 1 1 0.999998 1 1 1 0.999999 1 1 0.999999 1 1 0.999998 0.999998 1 1 0.999998 0.999998 0.999998 0.999999 0.999998 1 0.999998 1 1 0.999998 1 0.999999 0.999998 0.999998 1 1 0.999999 1 0.999999 0.999998 1 0.999999 0.999997 1 0.999998 0.999998 1 1 0.999999 1 0.999998 1 1 0.999998 1 1 1 0.999999 0.999996 1 0.999998 1 0.999998 0.999999 1 1 1 0.999999 0.999998 0.999998 1 0.999998 1 1 1 1 1 0.999998 0.999998 0.999997 0.999999 0.999998 1 0.999998 1 1 1 1 1 0.999999 1 0.999999 1 1 0.999999 0.999998 1 0.999999 0.999999 1 0.999999 1 0.999998 0.999998 0.999998 0.999999 1 0.999998 1 0.999997 0.999999 1 1 0.999999 0.999998 0.999997 1 1 1 0.999999 1 1 0.999999 0.999999 0.999999 1 0.999999 0.999999 0.999999 0.999998 0.999998 0.999999 0.999999 0.999999 1 1 0.999999 0.999999 1 0.999999 0.999999 0.999997 0.999999 1 1 1 1 1 1 1 0.999998 1 0.999997 0.999999 0.999999 1 0.999999 0.999999 1 1 1 0.999999 0.999999 0.999999 0.999997 0.999999 1 0.999999 0.999998 1 1 0.999999 0.999999 1 0.999999 1 1 0.999998 0.999999 1 1 1 1 0.999997 1 1 0.999998 1 0.999999 1 1 0.999998 0.999998 1 0.999998 1 1 1 0.999997 1 1 0.999998 1 0.999998 0.999998 0.999999 1 1 1 0.999998 1 1 1 0.999999 0.999998 0.999998 1 1 1 0.999999 0.999997 1 1 1 0.999997 0.999999 1 0.999998 0.999998 0.999999 1 0.999999 1 0.999999 1 1 1 1 0.999998 1 0.999998 1 1 0.999999 0.999998 1 1 1 1 1 1 1 1 0.999998 1 1 1 1 1 1 1 0.999998 1 1 1 1 0.999998 0.999998 1 0.999998 1 0.999997 0.999999 0.999998 1 1 0.999998 1 0.999999 1 0.999998 0.999999 1 1 0.999997 1 1 1 1 1 0.999998 0.999999 1 1 1 1 1 1 1 0.999998 1 0.999997 0.999997 1 1 1 1 1 1 1 1 1 0.999998 1 1 0.999998 1 1 1 0.999998 1 1 1 1 1 1 0.999998 0.999997 0.999997 0.999999 0.999998 1 1 0.999999 1 1 0.999998 1 1 1 0.999997 1 1 0.999997 1 1 0.999999 1 1 1 0.999999 1 1 1 1 0.999998 0.999998 1 0.999998 1 1 1 1 1 0.999998 0.999999 1 1 1 1 0.999998 1 1 0.999999 0.999999 0.999998 1 1 1 0.999998 0.999998 1 0.999998 1 0.999999 1 1 0.999999 0.999999 1 1 1 0.999997 1 1 0.999998 1 1 0.999999 0.999999 1 1 0.999999 0.999998 0.999999 1 1 1 1 1 0.999998 0.999998 0.999999 1 1 0.999998 1 0.999998 0.999997 1 1 1 1 1 0.999999 0.999998 0.999998 0.999999 0.999998 1 1 0.999999 1 0.999998 0.999999 0.999998 0.999999 1 0.999999 0.999999 0.999999 0.999996 1 0.999999 0.999998 1 0.999998 0.999998 1 0.999998 0.999999 1 1 1 1 0.999998 1 0.999998 1 0.999999 0.999998 0.999998 1 1 0.999999 0.999998 0.999999 0.999999 0.999998 0.999999 1 1 0.999999 0.999998 0.999999 1 1 0.999999 0.999999 1 1 1 1 1 1 0.999998 0.999999 0.999999 0.999999 0.999998 1 1 1 1 0.999999 0.999999 1 1 1 0.999998 1 1 1 0.999998 1 1 0.999998 1 0.999998 1 1 0.999998 1 0.999999 0.999999 0.999999 0.999998 1 1 1 0.999998 0.999997 1 1 1 0.999998 0.999999 1 1 1 1 1 0.999999 0.999997 1 0.999999 0.999999 0.999998 0.999998 1 1 0.999998 1 1 0.999998 1 0.999998 0.999998 0.999998 1 0.999997 0.999999 0.999998 0.999998 1 1 1 0.999998 1 1 1 0.999998 1 1 0.999999 1 1 0.999999 1 0.999999 1 1 0.999999 0.999998 0.999999 1 0.999999 0.999998 0.999998 1 1 0.999998 1 0.999999 0.999998 0.999998 1 1 1 0.999998 1 1 1 0.999998 1 1 0.999999 0.999999 1 0.999999 1 0.999998 0.999998 1 0.999999 1 1 1 1 0.999998 0.999998 0.999997 0.999999 1 1 0.999998 1 0.999999 0.999998 1 1 1 1 0.999998 1 1 1 0.999998 1 0.999999 0.999998 1 1 0.999999 1 0.999998 0.999999 0.999999 1 0.999999 1 0.999999 1 0.999997 1 0.999998 0.999999 0.999998 1 1 1 1 0.999999 0.999998 0.999998 1 1 1 1 1 1 0.999999 0.999998 1 1 1 1 1 1 0.999998 1 1 0.999997 1 1 1 0.999998 0.999999 0.999997 1 1 1 0.999998 1 0.999999 0.999998 0.999999 1 0.999999 0.999998 0.999998 1 1 0.999998 0.999998 1 1 0.999998 0.999999 1 1 1 1 0.999998 0.999999 0.999999 1 1 1 0.999999 0.999998 1 1 1 1 0.999998 0.999999 1 0.999997 1 1 0.999998 0.999998 0.999998 1 1 0.999997 1 0.999999 1 0.999999 0.999998 0.999997 1 1 1 0.999999 0.999998 1 0.999998 0.999997 1 1 0.999998 1 0.999998 1 1 1 1 0.999997 0.999999 0.999999 0.999998 1 1 1 0.999999 0.999999 0.999998 0.999998 1 0.999998 0.999999 0.999998 0.999999 0.999997 1 1 0.999999 1 0.999999 1 0.999996 1 1 0.999999 0.999998 0.999997 1 1 1 0.999998 1 0.999999 0.999998 0.999998 0.999999 1 1 0.999999 1 1 0.999999 0.999998 1 0.999999 0.999998 1 0.999998 0.999999 1 0.999998 0.999999 1 0.999998 0.999998 0.999999 0.999997 1 0.999997 0.999998 0.999998 1 0.999998 1 1 0.999997 1 0.999999 1 1 1 1 1 0.999999 1 0.999998 1 1 0.999999 1 0.999999 1 1 0.999998 1 1 1 0.999999 1 0.999999 0.999999 1 1 0.999998 1 1 0.999999 1 0.999998 1 1 1 1 0.999999 1 1 1 1 0.999998 0.999998 0.999998 1 1 0.999998 0.999998 1 1 1 0.999999 1 1 1 1 1 0.999999 1 0.999999 1 0.999998 1 1 1 1 0.999999 1 0.999998 0.999998 0.999999 1 1 1 0.999998 0.999999 0.999999 1 1 0.999997 1 0.999999 1 1 0.999998 1 1 0.999999 0.999999 0.999998 1 1 1 0.999999 0.999999 1 1 1 1 0.999999 1 0.999999 0.999999 0.999999 1 1 1 1 0.999998 0.999998 1 1 1 1 0.999999 0.999999 0.999999 1 1 1 0.999999 1 1 0.999999 1 1 1 0.999998 1 1 0.999999 0.999999 0.999999 0.999998 0.999998 0.999998 0.999999 0.999997 1 0.999999 1 0.999999 0.999998 1 0.999999 0.999999 1 1 0.999998 1 0.999999 0.999998 0.999999 0.999999 0.999999 0.999998 0.999998 1 1 1 0.999999 1 1 1 1 1 1 1 0.999999 0.999997 1 1 0.999998 1 0.999999 1 1 0.999998 0.999997 1 1 1 1 1 1 1 1 0.999998 1 1 0.999999 1 1 0.999998 0.999998 1 1 0.999998 1 0.999999 1 0.999998 1 0.999999 1 1 0.999999 1 0.999998 0.999998 1 1 1 1 1 0.999999 1 0.999998 0.999999 1 1 0.999999 0.999998 0.999998 1 1 0.999998 0.999999 0.999998 1 1 1 0.999998 0.999999 1 0.999999 0.999999 1 1 0.999998 1 1 1 1 0.999996 1 0.999998 1 0.999999 1 1 0.999999 1 1 1 1 1 0.999996 0.999999 0.999998 0.999998 1 0.999999 0.999998 1 0.999999 1 1 0.999999 1 0.999998 0.999998 1 0.999999 0.999998 0.999998 0.999999 1 1 0.999996 0.999998 0.999999 1 0.999998 0.999998 1 0.999998 1 1 0.999999 1 1 0.999998 1 1 1 0.999999 0.999999 0.999998 1 1 1 1 1 0.999998 1 1 0.999998 0.999998 1 1 1 1 0.999997 1 0.999998 1 0.999999 0.999999 1 0.999999 1 0.999998 0.999998 1 0.999999 1 1 1 1 0.999999 0.999999 1 0.999999 1 1 1 1 1 0.999997 1 0.999999 0.999998 1 0.999999 0.999999 1 1 0.999998 0.999999 0.999999 1 1 1 0.999999 0.999999 0.999998 0.999999 1 1 0.999998 0.999998 0.999999 0.999999 1 1 0.999998 1 1 0.999998 1 0.999998 0.999998 0.999998 1 1 0.999999 1 0.999999 0.999999 1 1 1 0.999999 1 1 0.999998 1 0.999998 1 1 1 1 1 1 0.999999 1 1 0.999999 1 0.999997 0.999999 1 0.999999 0.999997 0.999999 0.999998 1 0.999997 0.999999 1 0.999997 1 1 0.999998 0.999999 0.999999 0.999999 1 0.999999 1 1 0.999999 0.999998 0.999999 0.999998 1 1 1 0.999999 0.999999 1 1 0.999998 1 1 0.999999 1 0.999998 1 1 1 0.999999 1 0.999997 0.999998 0.999999 1 0.999998 0.999997 1 1 1 1 1 0.999998 0.999999 0.999999 0.999998 0.999998 0.999999 0.999999 0.999997 1 1 1 0.999998 0.999997 1 1 1 1 0.999999 0.999998 1 1 0.999999 0.999999 0.999999 0.999999 1 1 0.999998 1 1 1 0.999999 1 0.999999 0.999999 1 1 0.999998 0.999999 0.999999 0.999997 1 0.999997 1 1 1 1 0.999999 1 0.999999 0.999999 0.999999 1 1 0.999998 0.999999 0.999999 1 1 1 1 1 1 1 1 1 0.999999 0.999997 0.999998 1 1 1 1 1 1 1 0.999999 1 0.999998 0.999999 0.999998 0.999999 1 0.999999 1 1 0.999999 0.999997 1 0.999998 0.999999 0.999999 0.999998 1 0.999999 1 1 1 0.999999 1 0.999998 0.999999 1 0.999999 0.999999 1 1 0.999998 1 1 1 0.999998 1 1 0.999998 1 1 0.999998 0.999998 1 1 0.999999 0.999999 0.999999 0.999998 1 1 1 1 1 0.999997 1 0.999999 0.999998 1 0.999998 0.999998 1 1 1 1 1 0.999999 0.999999 1 1 0.999999 1 0.999998 0.999998 0.999999 1 1 1 1 0.999998 1 0.999999 0.999999 1 0.999998 1 1 1 0.999997 1 1 1 1 0.999998 1 1 1 0.999999 1 0.999998 0.999998 1 1 1 0.999998 1 1 1 0.999999 1 0.999999 0.999997 1 0.999998 0.999999 1 1 0.999999 1 1 1 1 0.999998 0.999998 1 1 1 1 1 0.999998 1 0.999998 0.999998 1 1 0.999998 1 1 1 0.999998 1 1 1 0.999997 1 1 1 1 1 0.999997 1 0.999999 1 0.999997 0.999999 1 0.999998 0.999999 0.999999 1 1 0.999998 1 0.999999 0.999999 1 0.999998 1 0.999999 1 1 0.999999 1 0.999999 1 1 0.999997 0.999999 1 0.999999 0.999999 1 1 1 0.999998 0.999999 0.999999 0.999999 1 0.999999 0.999999 1 0.999997 1 1 0.999999 0.999998 1 0.999998 0.999999 0.999998 0.999998 0.999999 0.999997 0.999999 0.999999 0.999999 1 0.999999 0.999997 1 0.999999 1 1 0.999998 1 1 1 1 0.999998 0.999998 0.999999 1 0.999999 0.999999 0.999999 0.999999 0.999998 1 1 1 0.999999 0.999998 1 0.999999 0.999997 0.999997 0.999999 1 0.999999 1 0.999999 0.999999 0.999998 1 0.999999 0.999999 0.999999 1 0.999997 1 1 1 0.999998 1 1 0.999998 1 0.999999 0.999999 0.999999 1 0.999999 0.999999 0.999999 0.999998 0.999999 0.999999 0.999999 1 0.999998 0.999999 1 0.999998 1 1 0.999999 0.999999 1 0.999998 1 1 1 0.999998 1 1 0.999998 1 1 0.999998 1 0.999998 0.999998 1 0.999999 1 0.999998 0.999999 0.999999 0.999999 1 1 1 0.999997 1 1 1 1 1 1 0.999999 0.999998 1 1 1 1 1 1 0.999998 0.999999 0.999999 1 0.999999 1 1 1 0.999999 1 0.999998 0.999999 1 1 0.999999 0.999999 0.999999 1 1 1 1 0.999999 0.999999 1 0.999997 0.999998 0.999998 0.999999 1 0.999998 1 1 1 0.999999 1 0.999999 1 1 1 1 0.999997 1 0.999999 0.999999 1 1 1 1 1 1 0.999997 1 1 1 0.999999 0.999999 1 1 1 0.999998 0.999999 1 0.999999 0.999999 1 0.999999 0.999999 0.999997 0.999999 0.999999 0.999999 1 0.999999 0.999998 0.999998 1 0.999998 1 1 0.999998 0.999999 1 1 0.999999 1 0.999997 0.999998 0.999999 1 0.999999 0.999998 1 1 1 1 0.999998 1 0.999999 1 1 1 0.999999 0.999999 0.999998 0.999999 1 0.999999 0.999998 1 1 1 0.999999 0.999999 1 1 0.999998 1 1 1 0.999999 0.999998 0.999999 0.999999 0.999998 0.999999 1 1 0.999999 0.999999 1 0.999999 1 1 1 1 1 1 0.999999 0.999999 0.999999 0.999999 1 1 0.999999 1 0.999997 0.999998 0.999998 0.999998 1 0.999999 1 0.999999 1 1 1 1 0.999998 0.999998 0.999998 1 0.999998 1 1 1 0.999998 0.999998 0.999998 0.999999 1 0.999998 1 0.999999 1 1 1 1 0.999998 0.999998 1 1 0.999998 0.999998 1 0.999998 1 0.999998 0.999999 0.999999 0.999997 0.999998 1 0.999999 0.999999 0.999997 0.999998 0.999999 1 1 1 1 1 0.999997 0.999999 1 1 0.999998 1 1 0.999998 0.999997 1 1 0.999999 0.999998 0.999997 0.999999 1 0.999999 0.999998 0.999998 1 0.999998 0.999998 1 0.999999 1 0.999999 1 0.999998 1 0.999999 0.999998 1 0.999999 1 1 0.999998 1 0.999999 1 0.999999 1 0.999999 1 0.999999 0.999996 0.999999 1 1 1 0.999999 1 1 0.999999 1 1 1 1 0.999999 0.999999 1 0.999998 0.999999 0.999999 0.999998 1 1 0.999998 1 1 0.999998 0.999999 0.999998 1 1 1 0.999998 0.999999 1 0.999998 0.999997 0.999999 1 0.999996 0.999999 0.999998 1 1 0.999998 0.999998 0.999998 1 0.999999 1 0.999998 1 1 1 0.999999 0.999999 0.999998 1 0.999999 1 1 0.999999 1 1 0.999999 0.999999 0.999999 1 1 0.999999 1 0.999998 0.999998 0.999999 0.999999 0.999998 1 0.999998 0.999999 0.999999 0.999999 1 0.999997 1 1 1 1 0.999999 1 0.999999 0.999999 0.999998 0.999998 1 0.999999 0.999998 1 1 0.999999 1 1 1 0.999998 0.999999 1 1 1 1 0.999999 0.999999 0.999998 1 0.999998 1 0.999998 0.999998 0.999998 1 1 0.999998 0.999999 1 1 0.999997 0.999998 0.999998 1 0.999998 1 0.999998 0.999998 1 1 1 1 1 0.999998 1 1 0.999999 0.999998 0.999999 0.999999 0.999997 0.999998 1 0.999998 0.999998 1 1 0.999999 1 0.999998 0.999999 1 0.999998 1 1 0.999997 0.999998 1 1 0.999997 0.999999 0.999999 1 0.999999 0.999999 1 0.999998 1 1 0.999999 0.999999 1 1 1 0.999998 0.999999 0.999998 1 0.999999 0.999999 0.999997 1 1 0.999998 1 1 1 0.999999 1 0.999996 1 1 0.999999 1 1 0.999998 1 0.999998 0.999999 0.999999 1 1 1 1 1 1 1 1 0.999998 1 1 0.999998 0.999998 1 1 0.999999 1 0.999997 0.999997 1 1 0.999998 1 0.999999 1 0.999999 1 0.999996 0.999998 0.999998 0.999998 1 0.999998 1 0.999999 0.999998 0.999998 1 1 0.999997 1 1 1 0.999998 1 0.999998 1 1 0.999998 1 0.999998 1 0.999998 1 1 0.999998 0.999998 0.999998 1 0.999999 1 1 1 1 1 0.999997 1 0.999998 1 0.999999 0.999998 1 0.999998 0.999999 0.999998 0.999999 1 0.999999 1 1 0.999999 1 1 1 0.999998 1 1 0.999999 1 0.999998 0.999999 0.999998 1 1 0.999997 0.999998 0.999999 1 0.999998 0.999998 0.999998 0.999998 0.999999 1 0.999998 1 0.999998 0.999997 1 0.999999 1 1 0.999998 0.999999 0.999999 0.999998 1 1 0.999999 1 0.999998 1 1 0.999998 0.999998 0.999998 1 1 0.999999 0.999997 1 1 0.999998 0.999999 1 0.999999 0.999998 0.999999 1 0.999998 0.999998 0.999999 0.999999 0.999999 1 1 0.999999 0.999998 0.999999 1 0.999999 1 0.999997 1 0.999999 1 1 0.999999 0.999998 1 1 0.999998 0.999997 1 0.999998 1 1 0.999999 1 0.999998 0.999998 0.999999 1 1 1 1 0.999997 1 1 0.999998 0.999998 1 0.999999 0.999998 1 1 0.999998 1 1 1 0.999999 1 1 1 0.999999 1 1 0.999998 1 0.999999 1 1 1 1 1 1 1 1 1 1 0.999999 0.999997 1 1 1 0.999997 0.999998 0.999998 1 0.999998 0.999998 1 1 0.999999 0.999999 1 1 0.999999 1 0.999999 1 0.999998 1 0.999997 0.999999 0.999998 1 0.999998 0.999998 1 1 0.999998 0.999999 1 0.999998 1 1 0.999999 0.999999 0.999998 0.999999 0.999998 1 0.999999 0.999997 1 0.999998 1 1 0.999998 1 0.999998 0.999999 1 0.999998 0.999998 0.999999 1 1 1 1 1 0.999998 0.999998 0.999999 1 0.999998 1 1 1 0.999998 1 1 0.999999 1 0.999999 1 0.999999 0.999999 0.999999 1 1 0.999998 0.999998 0.999997 0.999998 0.999998 0.999999 1 1 1 1 0.999999 1 0.999997 0.999998 1 1 0.999999 0.999997 0.999998 1 0.999998 0.999999 1 1 0.999999 0.999997 1 1 0.999997 1 1 0.999998 0.999999 0.999998 0.999998 0.999999 0.999998 0.999998 1 1 1 0.999998 1 0.999998 0.999998 1.00001 1 1 1 1 0.999999 1 0.999999 0.999998 0.999999 0.999998 1 0.999999 1 1 1 0.999999 1 1 0.999998 0.999999 1 0.999998 1 0.999999 0.999998 1 1 1 0.999999 1 1 1 0.999998 0.999998 1 0.999999 0.999999 1 0.999999 1 0.999998 0.999998 0.999999 1 0.999998 0.999999 0.999999 1 0.999998 0.999997 0.999998 0.999998 1 0.999998 0.999998 0.999998 1 1 1 1 1 1 1 1 0.999999 0.999999 1 1 0.999997 1 1 0.999999 1 0.999998 1 1 1 1 1 1 1 0.999998 0.999998 0.999998 1 1 0.999998 1 0.999998 0.999998 0.999997 1 0.999999 0.999998 0.999998 1 0.999999 0.999999 1 1 1 1 1 1 0.999999 1 1 1 1 1 0.999997 1 0.999999 1 1 1 1 1 0.999998 0.999998 1 1 1 1 1 1 1 0.999999 1 0.999999 1 0.999999 1 1 1 0.999998 1 0.999998 0.999997 1 1 0.999999 0.999999 1 1 1 0.999999 1 0.999999 1 1 0.999998 1 1 0.999998 0.999998 1 0.999998 1 1 0.999999 0.999999 0.999998 1 0.999999 1 0.999998 0.999999 1 1 0.999998 1 1 0.999997 1 0.999998 0.999999 0.999999 0.999999 1 1 1 1 0.999998 0.999999 0.999998 1 0.999997 0.999998 1 0.999999 1 0.999998 0.999999 1 0.999998 1 1 0.999998 0.999999 0.999997 0.999995 0.999999 0.999998 0.999998 1 1 1 0.999999 0.999998 1 1 1 0.999998 1 1 0.999999 1 0.999997 0.999999 1 1 1 1 1 0.999998 1 0.999999 1 0.999999 1 1 0.999998 1 1 1 0.999998 1 0.999999 0.999998 0.999998 0.999998 0.999999 1 0.999998 1 1 1 0.999999 0.999999 1 0.999999 0.999999 0.999999 0.999998 1 1 0.999998 0.999998 1 1 0.999998 1 0.999998 0.999998 1 0.999999 0.999999 1 0.999998 0.999998 0.999999 0.999999 0.999999 1 0.999999 1 1 0.999999 1 1 1 1 0.999998 1 0.999998 0.999999 1 1 1 1 0.999998 0.999999 1 1 0.999999 0.999999 0.999998 0.999997 0.999998 1 1 1 1 1 1 1 0.999998 0.999999 0.999997 1 1 0.999999 1 1 0.999997 0.999998 0.999998 1 1 0.999999 1 1 1 0.999999 1 0.999999 1 1 0.999999 0.999999 0.999998 1 0.999999 1 0.999999 1 0.999999 0.999999 0.999997 1 1 1 0.999997 1 1 0.999998 0.999999 1 0.999998 1 0.999999 1 1 0.999999 1 0.999998 1 1 1 1 0.999999 1 0.999999 0.999999 0.999998 0.999999 0.999999 1 0.999999 1 0.999998 1 1 1 1 0.999998 1 1 0.999999 1 1 1 1 1 1 1 0.999998 1 1 1 1 0.999999 1 0.999999 0.999998 0.999997 1 1 1 1 1 1 1 0.999999 0.999997 1 0.999998 0.999999 0.999998 1 0.999998 1 0.999997 0.999997 1 0.999999 1 1 1 1 0.999999 0.999999 1 1 0.999999 1 1 1 0.999998 1 1 1 1 1 0.999999 0.999998 1 1 0.999999 0.999998 0.999998 1 1 0.999999 1 1 1 1 1 0.999998 0.999999 0.999998 0.999999 0.999999 1 0.999998 0.999999 1 1 1 0.999998 1 1 1 0.999998 1 1 0.999999 1 0.999998 1 0.999999 0.999999 1 0.999999 0.999999 0.999999 1 1 0.999998 0.999999 1 1 0.999998 1 0.999998 0.999998 1 0.999999 1 1 1 1 1 1 0.999999 0.999998 0.999999 0.999998 0.999998 1 1 1 0.999999 0.999999 1 1 1 0.999998 1 0.999998 1 0.999999 1 0.999998 1 0.999999 1 0.999998 1 0.999999 1 0.999998 0.999998 0.999998 0.999998 0.999998 0.999998 0.999999 1 1 1 1 0.999998 1 1 0.999998 1 0.999999 0.999999 0.999998 0.999999 0.999999 1 0.999998 0.999998 1 1 0.999998 0.999999 1 0.999998 1 0.999999 0.999998 0.999998 0.999998 0.999999 0.999996 1 0.999997 0.999999 1 1 0.999998 0.999999 0.999998 1 0.999999 0.999999 1 1 0.999998 1 0.999997 0.999999 0.999999 0.999998 0.999999 0.999998 0.999998 0.999998 1 0.999999 0.999998 0.999997 0.999999 1 0.999998 0.999999 0.999999 0.999999 1 0.999998 0.999999 0.999999 0.999999 0.999998 1 1 0.999999 1 1 1 0.999999 1 1 0.999999 1 1 1 0.999998 1 0.999998 0.999998 1 0.999997 0.999999 1 0.999997 1 1 0.999999 1 1 1 0.999998 1 1 0.999999 1 1 1 0.999998 0.999999 1 1 0.999999 0.999998 0.999999 1 0.999998 1 1 0.999999 0.999997 1 1 0.999998 0.999999 0.999998 0.999999 1 1 1 1 0.999999 0.999999 1 1 0.999999 0.999999 1 0.999998 0.999998 1 0.999998 1 1 0.999999 0.999999 1 1 0.999999 0.999998 0.999998 0.999997 0.999998 1 0.999999 1 0.999998 1 0.999997 0.999998 1 1 1 0.999998 1 1 0.999998 0.999997 1 1 1 0.999998 1 0.999997 0.999998 1 1 0.999999 1 0.999999 0.999999 0.999999 1 1 1 1 1 1 0.999999 1 1 0.999999 0.999999 1 0.999999 0.999998 0.999999 1 0.999999 0.999998 0.999999 1 1 1 1 1 0.999998 0.999998 1 0.999998 0.999999 0.999999 1 0.999997 0.999997 0.999999 1 1 0.999998 0.999999 0.999998 0.999999 1 0.999998 1 1 1 1 0.999998 1 1 1 0.999999 0.999999 0.999999 1 0.999998 0.999998 1 0.999997 1 0.999997 0.999998 0.999996 0.999998 1 1 0.999999 0.999999 1 1 1 0.999999 0.999998 0.999998 0.999999 0.999998 0.999999 0.999998 0.999999 0.999999 0.999999 1 1 1 0.999998 1 0.999998 0.999999 0.999999 1 1 1 1 1 0.999998 1 1 0.999999 0.999999 1 0.999999 1 0.999996 1 0.999997 1 1 0.999998 0.999997 0.999998 1 0.999999 0.999998 0.999998 1 0.999998 1 1 1 0.999999 0.999997 0.999999 0.999999 0.999999 0.999999 0.999999 1 1 1 0.999998 0.999998 1 1 1 1 0.999999 1 0.999999 1 1 1 1 1 0.999999 0.999999 0.999999 1 0.999997 0.999998 0.999998 0.999997 1 1 0.999999 1 0.999998 1 0.999999 1 1 0.999996 1 1 1 1 0.999999 0.999999 1 1 1 1 0.999999 0.999998 0.999998 1 1 1 0.999999 1 0.999999 1 0.999999 0.999999 0.999999 0.999999 1 1 1 0.999999 0.999998 1 1 1 0.999998 1 1 0.999999 0.999999 0.999999 1 0.999998 0.999998 1 1 1 1 0.999999 0.999998 0.999999 0.999999 0.999998 1 0.999999 1 1 1 1 0.999998 0.999998 1 0.999998 1 1 0.999999 1 1 1 0.999997 0.999998 0.999999 1 0.999998 0.999998 0.999998 0.999997 0.999999 0.999999 1 0.999998 0.999997 0.999998 1 1 1 0.999999 1 1 1 1 0.999998 1 1 0.999998 0.999998 0.999997 0.999999 1 1 1 1 1 0.999999 1 1 1 0.999998 1 0.999997 0.999999 1 1 0.999998 0.999999 0.999998 1 0.999998 1 0.999999 1 1 1 0.999999 1 1 0.999998 1 0.999998 0.999999 0.999999 1 1 1 1 0.999999 0.999999 0.999998 1 1 0.999998 0.999997 1 1 0.999999 1 0.999998 1 1 0.999999 0.999998 1 1 0.999998 1 0.999998 0.999999 1 0.999997 0.999998 1 0.999999 1 1 0.999999 1 0.999999 0.999998 0.999998 1 1 1 0.999997 0.999997 0.999998 0.999999 0.999999 0.999998 1 0.999997 1 1 0.999998 1 0.999999 0.999999 1 0.999999 0.999998 1 0.999999 1 1 1 0.999999 1 0.999999 0.999999 0.999998 0.999998 1 0.999998 0.999998 1 1 0.999999 0.999999 0.999999 0.999999 0.999999 1 1 0.999999 0.999999 1 0.999998 0.999998 1 1 1 1 0.999999 1 0.999999 1 0.999999 1 1 1 0.999999 0.999999 1 0.999998 0.999999 1 0.999999 1 0.999998 1 0.999999 1 1 0.999999 1 1 1 0.999999 0.999998 0.999999 1 0.999999 1 0.999999 0.999999 1 0.999999 1 0.999999 0.999998 0.999998 0.999998 1 0.999998 1 0.999997 1 0.999998 0.999998 0.999999 0.999998 0.999999 0.999998 1 1 1 0.999999 0.999998 0.999998 0.999999 1 1 1 1 0.999999 1 0.999998 1 0.999998 0.999998 0.999999 0.999999 0.999999 1 1 1 0.999998 0.999999 0.999999 1 0.999999 0.999997 1 0.999998 0.999998 0.999997 0.999999 0.999999 1 0.999999 1 1 1 1 1 0.999999 0.999998 1 1 1 1 1 1 1 0.999999 0.999999 1 0.999998 0.999998 1 1 0.999998 0.999998 0.999998 0.999998 0.999998 1 1 1 1 0.999999 1 0.999999 1 0.999999 0.999998 0.999998 0.999999 0.999999 0.999999 0.999998 1 0.999999 0.999999 1 0.999998 0.999999 1 0.999999 1 1 1 0.999999 1 1 1 1 0.999999 1 1 1 1 0.999997 1 1 1 1 0.999998 0.999997 1 1 1 0.999998 0.999999 0.999999 1 0.999999 0.999999 0.999998 1 1 1 0.999999 0.999998 0.999999 1 0.999998 0.999998 0.999997 1 0.999998 1 1 1 0.999998 0.999999 0.999996 1 1 0.999999 0.999998 1 0.999998 1 0.999999 1 1 1 0.999999 0.999998 0.999999 1 0.999999 0.999997 1 0.999999 1 0.999998 0.999997 0.999998 0.999999 0.999999 0.999999 0.999998 0.999998 1 1 1 1 1 0.999998 0.999999 1 1 1 0.999999 0.999999 0.999998 1 1 1 0.999999 0.999999 0.999999 1 1 0.999998 1 1 0.999998 1 0.999999 0.999998 1 0.999997 0.999999 1 0.999999 1 0.999999 1 1 0.999998 0.999998 0.999998 1 0.999998 0.999997 1 0.999999 0.999999 0.999999 0.999997 0.999999 1 0.999999 1 0.999998 1 0.999998 1 0.999998 1 0.999999 1 1 0.999999 0.999999 1 1 0.999999 0.999999 1 0.999999 0.999999 0.999998 0.999997 1 1 0.999999 1 0.999999 0.999999 0.999999 0.999998 0.999999 0.999999 0.999999 0.999999 0.999999 1 0.999999 0.999998 0.999998 0.999999 0.999999 0.999998 1 1 1 0.999999 1 0.999999 1 1 0.999999 0.999998 0.999999 1 1 0.999998 0.999998 1 1 1 1 1 1 0.999999 1 0.999997 0.999998 0.999999 0.999998 0.999998 0.999998 1 0.999998 0.999998 1 0.999999 1 1 0.999999 1 1 0.999998 0.999998 1 1 1 1 1 0.999997 0.999999 0.999999 0.999998 1 0.999999 0.999999 1 1 0.999998 1 0.999999 1 1 1 1 0.999998 1 0.999999 1 0.999999 1 0.999999 1 1 1 1 1 0.999999 0.999999 0.999999 1 1 1 1 0.999998 0.999999 1 1 0.999999 0.999998 0.999998 0.999999 0.999998 1 0.999998 0.999999 1 0.999999 1 0.999999 0.999997 0.999998 1 1 1 0.999996 0.999998 0.999999 0.999998 0.999998 1 1 1 1 0.999999 1 1 0.999998 0.999998 1 1 1 1 1 1 1 0.999997 1 0.999998 1 0.999999 1 1 0.999999 1 0.999998 1 1 0.999999 1 0.999998 0.999998 1 0.999999 1 0.999996 0.999998 0.999999 1 0.999999 1 0.999999 1 1 0.999998 1 1 0.999999 1 1 0.999998 1 0.999997 0.999998 0.999997 1 0.999998 1 1 1 0.999999 1 0.999997 0.999999 0.999998 1 0.999999 0.999998 1 1 1 0.999998 0.999996 0.999998 0.999997 0.999998 0.999999 0.999998 0.999999 0.999999 1 1 1 0.999998 1 0.999998 1 0.999998 1 0.999999 0.999998 1 0.999999 1 0.999999 1 0.999999 1 0.999997 1 0.999999 1 0.999999 0.999999 1 1 1 0.999999 0.999999 1 0.999998 1 0.999997 1 0.999999 1 1 0.999998 1 0.999998 0.999999 1 0.999999 1 0.999999 0.999998 0.999998 1 0.999999 1 0.999998 0.999999 1 1 0.999998 1 1 1 0.999997 1 0.999998 0.999998 0.999999 1 1 1 1 0.999997 0.999998 0.999998 0.999998 0.999998 0.999998 0.999997 1 0.999999 0.999999 0.999997 1 1 0.999998 0.999999 0.999998 0.999998 1 0.999999 1 0.999999 1 0.999999 1 1 0.999998 0.999999 0.999999 1 0.999997 1 0.999999 1 1 0.999998 0.999997 0.999999 1 1 0.999999 0.999998 0.999999 1 1 1 1 0.999999 0.999999 0.999998 1 1 1 1 1 0.999999 0.999999 0.999998 0.999999 1 1 0.999999 1 1 1 0.999999 0.999998 1 1 1 1 0.999999 1 1 0.999998 1 0.999998 1 0.999998 1 1 0.999999 1 0.999999 0.999998 0.999998 1 1 1 0.999999 0.999998 0.999998 0.999997 0.999998 0.999999 0.999997 1 1 0.999999 1 1 0.999997 1 1 0.999998 1 1 0.999997 0.999998 0.999999 1 0.999999 1 1 1 1 1 0.999999 1 0.999999 1 1 0.999999 1 0.999999 0.999998 0.999998 0.999999 0.999999 1 0.999998 0.999999 1 0.999998 1 1 1 0.999999 1 0.999998 0.999999 1 0.999998 0.999998 1 0.999999 0.999998 0.999999 0.999999 0.999999 0.999997 0.999998 0.999999 0.999999 0.999999 0.999999 0.999998 0.999999 1 1 0.999998 1 0.999998 0.999997 0.999997 1 1 0.999998 0.999997 1 1 1 0.999999 0.999999 0.999999 1 0.999999 1 0.999998 1 1 0.999998 1 0.999998 1 0.999998 1 1 0.999999 1 0.999998 0.999998 0.999999 1 0.999999 1 1 1 1 1 1 0.999999 1 0.999999 1 1 1 1 0.999998 1 1 1 1 0.999999 0.999999 1 0.999998 0.999998 1 1 1 1 1 1 0.999999 1 0.999998 1 1 0.999999 0.999999 0.999997 0.999999 0.999999 0.999998 0.999997 1 1 1 0.999999 0.999999 0.999998 1 1 0.999996 0.999998 0.999998 1 0.999998 0.999999 0.999998 0.999998 0.999999 1 0.999998 0.999999 1 0.999999 0.999999 0.999998 1 0.999999 0.999998 1 0.999998 1 0.999999 1 0.999999 1 1 0.999999 0.999998 0.999999 1 0.999998 1 0.999999 0.999999 0.999999 0.999998 0.999999 0.999998 0.999999 1 1 1 1 1 1 0.999999 1 1 0.999998 0.999998 0.999997 1 0.999998 0.999999 1 0.999999 1 0.999999 0.999998 0.999998 1 1 0.999998 1 1 1 0.999998 1 1 0.999997 1 0.999998 0.999998 1 1 0.999999 0.999998 0.999999 1 1 1 0.999999 0.999998 1 1 0.999998 1 0.999999 0.999998 1 1 0.999999 1 1 0.999998 0.999998 0.999999 1 0.999998 0.999999 1 0.999998 1 1 1 0.999998 1 1 0.999999 0.999999 0.999999 0.999999 1 0.999999 1 0.999997 0.999999 0.999999 1 1 0.999999 0.999998 0.999998 1 1 0.999998 0.999998 0.999997 1 1 0.999998 0.999999 1 0.999999 1 0.999998 0.999998 1 0.999999 0.999999 1 1 0.999999 0.999998 0.999997 0.999999 1 0.999997 1 1 1 0.999999 0.999998 0.999998 1 1 0.999996 1 0.999999 0.999999 0.999999 0.999998 0.999997 1 0.999998 0.999998 1 1 0.999999 0.999998 1 1 1 0.999998 0.999998 0.999999 1 1 1 0.999997 1 0.999999 0.999999 0.999999 0.999996 1 1 0.999998 0.999999 0.999999 0.999997 0.999999 0.999998 0.999999 1 1 1 1 1 1 1 0.999999 1 1 1 1 1 0.999999 0.999999 1 1 1 0.999999 1 1 1 0.999998 1 0.999997 0.999998 0.999998 0.999999 0.999998 1 1 1 1 0.999998 1 1 1 0.999999 1 1 0.999999 0.999999 1 0.999999 0.999998 0.999999 1 1 0.999999 0.999999 1 1 1 0.999998 1 0.999998 1 1 1 1 0.999999 0.999998 0.999999 1 1 0.999999 0.999997 /home/t-avarhade/test_generated_data/embeddings_10k_query_normalized.bin
Data read successfully for the file /home/t-avarhade/test_generated_data/embeddings_10k_query_normalized.bin
Number of points: 9997, Dimension: 3072
Squared L2 norms of vectors not within tolerance (|norm^2 - 1| >= 1e-6):
1 0.999999 0.999999 1 1 1 0.999998 0.999999 0.999999 0.999999 0.999999 1 1 